{"v":"5.4.3","fr":60,"ip":0,"op":239,"w":500,"h":500,"nm":"busuness-man-megafon","ddd":0,"assets":[],"layers":[{"ddd":0,"ind":1,"ty":4,"nm":"lines 9","sr":1,"ks":{"o":{"a":0,"k":100,"ix":11},"r":{"a":0,"k":0,"ix":10},"p":{"a":0,"k":[250,250,0],"ix":2},"a":{"a":0,"k":[0,0,0],"ix":1},"s":{"a":0,"k":[100,100,100],"ix":6}},"ao":0,"shapes":[{"ind":0,"ty":"sh","ix":1,"ks":{"a":0,"k":{"i":[[0.613,0],[0,0],[0,0.613],[-0.613,0],[0,0],[0,-0.613]],"o":[[0,0],[-0.613,0],[0,-0.613],[0,0],[0.613,0],[0,0.613]],"v":[[79.472,-128.361],[46.954,-128.361],[45.843,-129.472],[46.954,-130.583],[79.472,-130.583],[80.583,-129.472]],"c":true},"ix":2},"nm":"Path 1","mn":"ADBE Vector Shape - Group","hd":false},{"ty":"fl","c":{"a":0,"k":[1,1,1,1],"ix":4},"o":{"a":0,"k":100,"ix":5},"r":1,"bm":0,"nm":"Fill 1","mn":"ADBE Vector Graphic - Fill","hd":false}],"ip":132,"op":158,"st":69,"bm":0},{"ddd":0,"ind":2,"ty":4,"nm":"lines 6","sr":1,"ks":{"o":{"a":0,"k":100,"ix":11},"r":{"a":0,"k":0,"ix":10},"p":{"a":0,"k":[250,250,0],"ix":2},"a":{"a":0,"k":[0,0,0],"ix":1},"s":{"a":0,"k":[100,100,100],"ix":6}},"ao":0,"shapes":[{"ind":0,"ty":"sh","ix":1,"ks":{"a":0,"k":{"i":[[0.613,0],[0,0],[0,0.613],[-0.613,0],[0,0],[0,-0.613]],"o":[[0,0],[-0.613,0],[0,-0.613],[0,0],[0.613,0],[0,0.613]],"v":[[79.472,-128.361],[46.954,-128.361],[45.843,-129.472],[46.954,-130.583],[79.472,-130.583],[80.583,-129.472]],"c":true},"ix":2},"nm":"Path 1","mn":"ADBE Vector Shape - Group","hd":false},{"ty":"fl","c":{"a":0,"k":[1,1,1,1],"ix":4},"o":{"a":0,"k":100,"ix":5},"r":1,"bm":0,"nm":"Fill 1","mn":"ADBE Vector Graphic - Fill","hd":false}],"ip":99,"op":125,"st":36,"bm":0},{"ddd":0,"ind":3,"ty":4,"nm":"lines 3","sr":1,"ks":{"o":{"a":0,"k":100,"ix":11},"r":{"a":0,"k":0,"ix":10},"p":{"a":0,"k":[250,250,0],"ix":2},"a":{"a":0,"k":[0,0,0],"ix":1},"s":{"a":0,"k":[100,100,100],"ix":6}},"ao":0,"shapes":[{"ind":0,"ty":"sh","ix":1,"ks":{"a":0,"k":{"i":[[0.613,0],[0,0],[0,0.613],[-0.613,0],[0,0],[0,-0.613]],"o":[[0,0],[-0.613,0],[0,-0.613],[0,0],[0.613,0],[0,0.613]],"v":[[79.472,-128.361],[46.954,-128.361],[45.843,-129.472],[46.954,-130.583],[79.472,-130.583],[80.583,-129.472]],"c":true},"ix":2},"nm":"Path 1","mn":"ADBE Vector Shape - Group","hd":false},{"ty":"fl","c":{"a":0,"k":[1,1,1,1],"ix":4},"o":{"a":0,"k":100,"ix":5},"r":1,"bm":0,"nm":"Fill 1","mn":"ADBE Vector Graphic - Fill","hd":false}],"ip":63,"op":89,"st":0,"bm":0},{"ddd":0,"ind":4,"ty":4,"nm":"lines 8","sr":1,"ks":{"o":{"a":0,"k":100,"ix":11},"r":{"a":0,"k":0,"ix":10},"p":{"a":0,"k":[250,250,0],"ix":2},"a":{"a":0,"k":[0,0,0],"ix":1},"s":{"a":0,"k":[100,100,100],"ix":6}},"ao":0,"shapes":[{"ind":0,"ty":"sh","ix":1,"ks":{"a":0,"k":{"i":[[0.193,0],[0.208,0.349],[-0.527,0.313],[0,0],[-0.314,-0.528],[0.527,-0.313],[0,0]],"o":[[-0.378,0],[-0.313,-0.527],[0,0],[0.527,-0.312],[0.313,0.527],[0,0],[-0.178,0.106]],"v":[[45.125,-140.877],[44.17,-141.42],[44.557,-142.942],[65.912,-155.649],[67.435,-155.262],[67.048,-153.74],[45.692,-141.033]],"c":true},"ix":2},"nm":"Path 1","mn":"ADBE Vector Shape - Group","hd":false},{"ty":"fl","c":{"a":0,"k":[1,1,1,1],"ix":4},"o":{"a":0,"k":100,"ix":5},"r":1,"bm":0,"nm":"Fill 1","mn":"ADBE Vector Graphic - Fill","hd":false}],"ip":132,"op":158,"st":69,"bm":0},{"ddd":0,"ind":5,"ty":4,"nm":"lines 5","sr":1,"ks":{"o":{"a":0,"k":100,"ix":11},"r":{"a":0,"k":0,"ix":10},"p":{"a":0,"k":[250,250,0],"ix":2},"a":{"a":0,"k":[0,0,0],"ix":1},"s":{"a":0,"k":[100,100,100],"ix":6}},"ao":0,"shapes":[{"ind":0,"ty":"sh","ix":1,"ks":{"a":0,"k":{"i":[[0.193,0],[0.208,0.349],[-0.527,0.313],[0,0],[-0.314,-0.528],[0.527,-0.313],[0,0]],"o":[[-0.378,0],[-0.313,-0.527],[0,0],[0.527,-0.312],[0.313,0.527],[0,0],[-0.178,0.106]],"v":[[45.125,-140.877],[44.17,-141.42],[44.557,-142.942],[65.912,-155.649],[67.435,-155.262],[67.048,-153.74],[45.692,-141.033]],"c":true},"ix":2},"nm":"Path 1","mn":"ADBE Vector Shape - Group","hd":false},{"ty":"fl","c":{"a":0,"k":[1,1,1,1],"ix":4},"o":{"a":0,"k":100,"ix":5},"r":1,"bm":0,"nm":"Fill 1","mn":"ADBE Vector Graphic - Fill","hd":false}],"ip":99,"op":125,"st":36,"bm":0},{"ddd":0,"ind":6,"ty":4,"nm":"lines 2","sr":1,"ks":{"o":{"a":0,"k":100,"ix":11},"r":{"a":0,"k":0,"ix":10},"p":{"a":0,"k":[250,250,0],"ix":2},"a":{"a":0,"k":[0,0,0],"ix":1},"s":{"a":0,"k":[100,100,100],"ix":6}},"ao":0,"shapes":[{"ind":0,"ty":"sh","ix":1,"ks":{"a":0,"k":{"i":[[0.193,0],[0.208,0.349],[-0.527,0.313],[0,0],[-0.314,-0.528],[0.527,-0.313],[0,0]],"o":[[-0.378,0],[-0.313,-0.527],[0,0],[0.527,-0.312],[0.313,0.527],[0,0],[-0.178,0.106]],"v":[[45.125,-140.877],[44.17,-141.42],[44.557,-142.942],[65.912,-155.649],[67.435,-155.262],[67.048,-153.74],[45.692,-141.033]],"c":true},"ix":2},"nm":"Path 1","mn":"ADBE Vector Shape - Group","hd":false},{"ty":"fl","c":{"a":0,"k":[1,1,1,1],"ix":4},"o":{"a":0,"k":100,"ix":5},"r":1,"bm":0,"nm":"Fill 1","mn":"ADBE Vector Graphic - Fill","hd":false}],"ip":63,"op":89,"st":0,"bm":0},{"ddd":0,"ind":7,"ty":4,"nm":"lines 7","sr":1,"ks":{"o":{"a":0,"k":100,"ix":11},"r":{"a":0,"k":0,"ix":10},"p":{"a":0,"k":[305.802,139.398,0],"ix":2},"a":{"a":0,"k":[55.802,-110.602,0],"ix":1},"s":{"a":0,"k":[100,100,100],"ix":6}},"ao":0,"shapes":[{"ind":0,"ty":"sh","ix":1,"ks":{"a":0,"k":{"i":[[0.378,0],[0.178,0.106],[0,0],[-0.313,0.527],[-0.527,-0.313],[0,0],[0.313,-0.527]],"o":[[-0.193,0],[0,0],[-0.527,-0.313],[0.314,-0.528],[0,0],[0.527,0.313],[-0.208,0.349]],"v":[[66.479,-103.138],[65.912,-103.294],[44.557,-116.001],[44.17,-117.524],[45.692,-117.91],[67.048,-105.203],[67.435,-103.681]],"c":true},"ix":2},"nm":"Path 1","mn":"ADBE Vector Shape - Group","hd":false},{"ty":"fl","c":{"a":0,"k":[1,1,1,1],"ix":4},"o":{"a":0,"k":100,"ix":5},"r":1,"bm":0,"nm":"Fill 1","mn":"ADBE Vector Graphic - Fill","hd":false}],"ip":130,"op":156,"st":67,"bm":0},{"ddd":0,"ind":8,"ty":4,"nm":"lines 4","sr":1,"ks":{"o":{"a":0,"k":100,"ix":11},"r":{"a":0,"k":0,"ix":10},"p":{"a":0,"k":[305.802,139.398,0],"ix":2},"a":{"a":0,"k":[55.802,-110.602,0],"ix":1},"s":{"a":0,"k":[100,100,100],"ix":6}},"ao":0,"shapes":[{"ind":0,"ty":"sh","ix":1,"ks":{"a":0,"k":{"i":[[0.378,0],[0.178,0.106],[0,0],[-0.313,0.527],[-0.527,-0.313],[0,0],[0.313,-0.527]],"o":[[-0.193,0],[0,0],[-0.527,-0.313],[0.314,-0.528],[0,0],[0.527,0.313],[-0.208,0.349]],"v":[[66.479,-103.138],[65.912,-103.294],[44.557,-116.001],[44.17,-117.524],[45.692,-117.91],[67.048,-105.203],[67.435,-103.681]],"c":true},"ix":2},"nm":"Path 1","mn":"ADBE Vector Shape - Group","hd":false},{"ty":"fl","c":{"a":0,"k":[1,1,1,1],"ix":4},"o":{"a":0,"k":100,"ix":5},"r":1,"bm":0,"nm":"Fill 1","mn":"ADBE Vector Graphic - Fill","hd":false}],"ip":97,"op":123,"st":34,"bm":0},{"ddd":0,"ind":9,"ty":4,"nm":"lines","sr":1,"ks":{"o":{"a":0,"k":100,"ix":11},"r":{"a":0,"k":0,"ix":10},"p":{"a":0,"k":[305.802,139.398,0],"ix":2},"a":{"a":0,"k":[55.802,-110.602,0],"ix":1},"s":{"a":0,"k":[100,100,100],"ix":6}},"ao":0,"shapes":[{"ind":0,"ty":"sh","ix":1,"ks":{"a":0,"k":{"i":[[0.378,0],[0.178,0.106],[0,0],[-0.313,0.527],[-0.527,-0.313],[0,0],[0.313,-0.527]],"o":[[-0.193,0],[0,0],[-0.527,-0.313],[0.314,-0.528],[0,0],[0.527,0.313],[-0.208,0.349]],"v":[[66.479,-103.138],[65.912,-103.294],[44.557,-116.001],[44.17,-117.524],[45.692,-117.91],[67.048,-105.203],[67.435,-103.681]],"c":true},"ix":2},"nm":"Path 1","mn":"ADBE Vector Shape - Group","hd":false},{"ty":"fl","c":{"a":0,"k":[1,1,1,1],"ix":4},"o":{"a":0,"k":100,"ix":5},"r":1,"bm":0,"nm":"Fill 1","mn":"ADBE Vector Graphic - Fill","hd":false}],"ip":63,"op":89,"st":0,"bm":0},{"ddd":0,"ind":10,"ty":4,"nm":"Objects 17","sr":1,"ks":{"o":{"a":0,"k":100,"ix":11},"r":{"a":0,"k":0,"ix":10},"p":{"a":0,"k":[250,250,0],"ix":2},"a":{"a":0,"k":[0,0,0],"ix":1},"s":{"a":0,"k":[100,100,100],"ix":6}},"ao":0,"shapes":[{"ty":"gr","it":[{"ind":0,"ty":"sh","ix":1,"ks":{"a":0,"k":{"i":[[0.464,0.951],[3.166,5.906],[1.429,1.83],[0.93,0.417],[1.329,-1.407],[-0.014,-3.053],[-1.978,-4.217],[0.411,-3.533],[-0.789,0.238],[-4.296,2.959]],"o":[[-2.955,-6.055],[-1.048,-1.956],[-0.609,-0.778],[-1.987,-0.895],[-2.18,2.285],[0.021,4.656],[1.511,3.221],[0.104,-0.893],[4.963,-1.495],[-0.314,-0.993]],"v":[[-46.011,-79.259],[-54.324,-97.576],[-58.017,-103.259],[-60.224,-105.245],[-67.627,-102.711],[-70.446,-92.315],[-67.413,-78.789],[-64.206,-68.777],[-58.599,-70.259],[-44.615,-76.36]],"c":true},"ix":2},"nm":"Path 1","mn":"ADBE Vector Shape - Group","hd":false},{"ty":"fl","c":{"a":0,"k":[1,0.964705884457,0.882352948189,1],"ix":4},"o":{"a":0,"k":100,"ix":5},"r":1,"bm":0,"nm":"Fill 1","mn":"ADBE Vector Graphic - Fill","hd":false},{"ty":"tr","p":{"a":0,"k":[0,0],"ix":2},"a":{"a":0,"k":[0,0],"ix":1},"s":{"a":0,"k":[100,100],"ix":3},"r":{"a":0,"k":0,"ix":6},"o":{"a":0,"k":100,"ix":7},"sk":{"a":0,"k":0,"ix":4},"sa":{"a":0,"k":0,"ix":5},"nm":"Transform"}],"nm":"Group 1","np":2,"cix":2,"bm":0,"ix":1,"mn":"ADBE Vector Group","hd":false}],"ip":0,"op":603,"st":0,"bm":0},{"ddd":0,"ind":11,"ty":4,"nm":"Objects 16","parent":12,"sr":1,"ks":{"o":{"a":0,"k":100,"ix":11},"r":{"a":0,"k":0,"ix":10},"p":{"a":0,"k":[0,0,0],"ix":2},"a":{"a":0,"k":[0,0,0],"ix":1},"s":{"a":0,"k":[100,100,100],"ix":6}},"ao":0,"shapes":[{"ty":"gr","it":[{"ind":0,"ty":"sh","ix":1,"ks":{"a":0,"k":{"i":[[-3.28,-3.56],[1.13,-0.83],[1.67,-0.73],[1.39,3.02],[-0.65,1.76],[-1.86,0.95]],"o":[[-0.86,1.11],[-1.33,0.99],[-2.22,-2.12],[-0.79,-1.7],[0.72,-1.96],[3.52,3.4]],"v":[[-43.18,-70.85],[-46.21,-67.92],[-50.79,-65.14],[-56.28,-72.86],[-57.01,-78.28],[-52.42,-82.31]],"c":true},"ix":2},"nm":"Path 1","mn":"ADBE Vector Shape - Group","hd":false},{"ty":"fl","c":{"a":0,"k":[0.964705884457,0.552941203117,0.439215689898,1],"ix":4},"o":{"a":0,"k":100,"ix":5},"r":1,"bm":0,"nm":"Fill 1","mn":"ADBE Vector Graphic - Fill","hd":false},{"ty":"tr","p":{"a":0,"k":[0,0],"ix":2},"a":{"a":0,"k":[0,0],"ix":1},"s":{"a":0,"k":[100,100],"ix":3},"r":{"a":0,"k":0,"ix":6},"o":{"a":0,"k":100,"ix":7},"sk":{"a":0,"k":0,"ix":4},"sa":{"a":0,"k":0,"ix":5},"nm":"Transform"}],"nm":"Group 1","np":2,"cix":2,"bm":0,"ix":1,"mn":"ADBE Vector Group","hd":false}],"ip":0,"op":603,"st":0,"bm":0},{"ddd":0,"ind":12,"ty":4,"nm":"hand_l","sr":1,"ks":{"o":{"a":0,"k":100,"ix":11},"r":{"a":1,"k":[{"i":{"x":[0.833],"y":[0.94]},"o":{"x":[0.167],"y":[0.167]},"n":["0p833_0p94_0p167_0p167"],"t":0,"s":[43],"e":[0]},{"t":56,"s":[0],"h":1},{"i":{"x":[0.833],"y":[0.833]},"o":{"x":[0.167],"y":[0.077]},"n":["0p833_0p833_0p167_0p077"],"t":155,"s":[0],"e":[43]},{"t":239}],"ix":10},"p":{"a":0,"k":[197.5,173,0],"ix":2},"a":{"a":0,"k":[-52.5,-77,0],"ix":1},"s":{"a":0,"k":[100,100,100],"ix":6}},"ao":0,"shapes":[{"ty":"gr","it":[{"ind":0,"ty":"sh","ix":1,"ks":{"a":0,"k":{"i":[[2.65,-2.68],[0.9,-4.64],[4.03,-6.91],[3.96,-2],[8.95,8.61],[1.39,3.02],[-0.65,1.76],[-1.86,0.95],[-3.28,-3.56],[-1.54,-0.96],[-6.04,4.34],[-1.96,7.17],[0.95,2.92],[0.61,4.24],[-2.08,-0.06],[-1.11,-0.1],[-1.24,0.54],[-2.55,-1.89]],"o":[[-2.95,2.97],[-1.5,7.69],[-2.24,3.84],[-11.35,5.74],[-2.22,-2.12],[-0.79,-1.7],[0.72,-1.96],[3.52,3.4],[1.21,1.33],[6.31,3.93],[6.03,-4.34],[0.77,-2.83],[-1.28,-3.93],[-0.37,-2.63],[0.64,0.01],[1.41,0.12],[2.85,-1.24],[3.58,2.64]],"v":[[6.5,-100.09],[0.41,-91.91],[-6.67,-70.15],[-15.94,-60.85],[-50.79,-65.14],[-56.28,-72.86],[-57.01,-78.28],[-52.42,-82.31],[-43.18,-70.85],[-39.1,-67.36],[-18.13,-68.95],[-6.42,-87.42],[-5.7,-96.24],[-12.73,-106.45],[-10.12,-110.11],[-6.99,-108.54],[-2.73,-109.91],[5.08,-110.6]],"c":true},"ix":2},"nm":"Path 1","mn":"ADBE Vector Shape - Group","hd":false},{"ty":"fl","c":{"a":0,"k":[0.984313726425,0.701960802078,0.509803950787,1],"ix":4},"o":{"a":0,"k":100,"ix":5},"r":1,"bm":0,"nm":"Fill 1","mn":"ADBE Vector Graphic - Fill","hd":false},{"ty":"tr","p":{"a":0,"k":[0,0],"ix":2},"a":{"a":0,"k":[0,0],"ix":1},"s":{"a":0,"k":[100,100],"ix":3},"r":{"a":0,"k":0,"ix":6},"o":{"a":0,"k":100,"ix":7},"sk":{"a":0,"k":0,"ix":4},"sa":{"a":0,"k":0,"ix":5},"nm":"Transform"}],"nm":"Group 1","np":2,"cix":2,"bm":0,"ix":1,"mn":"ADBE Vector Group","hd":false}],"ip":0,"op":603,"st":0,"bm":0},{"ddd":0,"ind":13,"ty":4,"nm":"magafon","parent":12,"sr":1,"ks":{"o":{"a":0,"k":100,"ix":11},"r":{"a":0,"k":0,"ix":10},"p":{"a":0,"k":[0,0,0],"ix":2},"a":{"a":0,"k":[0,0,0],"ix":1},"s":{"a":0,"k":[100,100,100],"ix":6}},"ao":0,"shapes":[{"ty":"gr","it":[{"ind":0,"ty":"sh","ix":1,"ks":{"a":0,"k":{"i":[[0,0],[0,0],[1.124,0],[0.122,1.007],[0,0],[0.407,0],[0,0],[0,0.493],[0,0],[0,0],[0,0.875],[0,0]],"o":[[0,0],[0,1.124],[-1.043,0],[0,0],[-0.097,0.371],[0,0],[-0.493,0],[0,0],[0,0],[-0.875,0],[0,0],[0,0]],"v":[[37.74,-128.915],[37.74,-103.085],[35.706,-101.05],[33.686,-102.84],[2.601,-119.499],[1.752,-118.853],[-12.237,-118.853],[-13.127,-119.744],[-13.127,-120.125],[-14.846,-120.125],[-16.433,-121.712],[-16.433,-128.915]],"c":true},"ix":2},"nm":"Path 1","mn":"ADBE Vector Shape - Group","hd":false},{"ty":"fl","c":{"a":0,"k":[0.713725507259,0.721568644047,0.729411780834,1],"ix":4},"o":{"a":0,"k":100,"ix":5},"r":1,"bm":0,"nm":"Fill 1","mn":"ADBE Vector Graphic - Fill","hd":false},{"ty":"tr","p":{"a":0,"k":[0,0],"ix":2},"a":{"a":0,"k":[0,0],"ix":1},"s":{"a":0,"k":[100,100],"ix":3},"r":{"a":0,"k":0,"ix":6},"o":{"a":0,"k":65,"ix":7},"sk":{"a":0,"k":0,"ix":4},"sa":{"a":0,"k":0,"ix":5},"nm":"Transform"}],"nm":"Group 1","np":2,"cix":2,"bm":1,"ix":1,"mn":"ADBE Vector Group","hd":false},{"ty":"gr","it":[{"ind":0,"ty":"sh","ix":1,"ks":{"a":0,"k":{"i":[[0.386,0],[0,-0.386],[0,0],[-0.386,0],[0,0.386],[0,0]],"o":[[-0.386,0],[0,0],[0,0.386],[0.386,0],[0,0],[0,-0.386]],"v":[[-7.722,-138.071],[-8.422,-137.372],[-8.422,-132.666],[-7.722,-131.967],[-7.023,-132.666],[-7.023,-137.372]],"c":true},"ix":2},"nm":"Path 1","mn":"ADBE Vector Shape - Group","hd":false},{"ty":"fl","c":{"a":0,"k":[0.800000011921,0.35686275363,0.141176477075,1],"ix":4},"o":{"a":0,"k":100,"ix":5},"r":1,"bm":0,"nm":"Fill 1","mn":"ADBE Vector Graphic - Fill","hd":false},{"ty":"tr","p":{"a":0,"k":[0,0],"ix":2},"a":{"a":0,"k":[0,0],"ix":1},"s":{"a":0,"k":[100,100],"ix":3},"r":{"a":0,"k":0,"ix":6},"o":{"a":0,"k":100,"ix":7},"sk":{"a":0,"k":0,"ix":4},"sa":{"a":0,"k":0,"ix":5},"nm":"Transform"}],"nm":"Group 2","np":2,"cix":2,"bm":0,"ix":2,"mn":"ADBE Vector Group","hd":false},{"ty":"gr","it":[{"ind":0,"ty":"sh","ix":1,"ks":{"a":0,"k":{"i":[[0.386,0],[0,-0.386],[0,0],[-0.386,0],[0,0.386],[0,0]],"o":[[-0.386,0],[0,0],[0,0.386],[0.386,0],[0,0],[0,-0.386]],"v":[[-10.52,-138.071],[-11.219,-137.372],[-11.219,-132.666],[-10.52,-131.967],[-9.82,-132.666],[-9.82,-137.372]],"c":true},"ix":2},"nm":"Path 1","mn":"ADBE Vector Shape - Group","hd":false},{"ty":"fl","c":{"a":0,"k":[0.800000011921,0.35686275363,0.141176477075,1],"ix":4},"o":{"a":0,"k":100,"ix":5},"r":1,"bm":0,"nm":"Fill 1","mn":"ADBE Vector Graphic - Fill","hd":false},{"ty":"tr","p":{"a":0,"k":[0,0],"ix":2},"a":{"a":0,"k":[0,0],"ix":1},"s":{"a":0,"k":[100,100],"ix":3},"r":{"a":0,"k":0,"ix":6},"o":{"a":0,"k":100,"ix":7},"sk":{"a":0,"k":0,"ix":4},"sa":{"a":0,"k":0,"ix":5},"nm":"Transform"}],"nm":"Group 3","np":2,"cix":2,"bm":0,"ix":3,"mn":"ADBE Vector Group","hd":false},{"ty":"gr","it":[{"ind":0,"ty":"sh","ix":1,"ks":{"a":0,"k":{"i":[[0,-1.124],[0,0],[1.124,0],[0.122,1.007],[0,0.081],[0,0],[-0.01,0.081],[-1.043,0]],"o":[[0,0],[0,1.124],[-1.043,0],[-0.01,-0.081],[0,0],[0,-0.081],[0.122,-1.007],[1.124,0]],"v":[[37.74,-155.859],[37.74,-103.085],[35.706,-101.05],[33.686,-102.84],[33.671,-103.085],[33.671,-155.859],[33.686,-156.103],[35.706,-157.894]],"c":true},"ix":2},"nm":"Path 1","mn":"ADBE Vector Shape - Group","hd":false},{"ty":"fl","c":{"a":0,"k":[0.96862745285,0.572549045086,0.192156866193,1],"ix":4},"o":{"a":0,"k":100,"ix":5},"r":1,"bm":0,"nm":"Fill 1","mn":"ADBE Vector Graphic - Fill","hd":false},{"ty":"tr","p":{"a":0,"k":[0,0],"ix":2},"a":{"a":0,"k":[0,0],"ix":1},"s":{"a":0,"k":[100,100],"ix":3},"r":{"a":0,"k":0,"ix":6},"o":{"a":0,"k":100,"ix":7},"sk":{"a":0,"k":0,"ix":4},"sa":{"a":0,"k":0,"ix":5},"nm":"Transform"}],"nm":"Group 4","np":2,"cix":2,"bm":0,"ix":4,"mn":"ADBE Vector Group","hd":false},{"ty":"gr","it":[{"ind":0,"ty":"sh","ix":1,"ks":{"a":0,"k":{"i":[[0,-0.081],[0,0],[0.031,-0.076],[0.407,0],[0,0],[0,0.493],[0,0],[-0.493,0],[0,0],[-0.097,-0.376]],"o":[[0,0],[0,0.087],[-0.097,0.371],[0,0],[-0.493,0],[0,0],[0,-0.493],[0,0],[0.412,0],[0.031,0.076]],"v":[[2.642,-139.2],[2.642,-119.744],[2.601,-119.499],[1.752,-118.853],[-12.237,-118.853],[-13.127,-119.744],[-13.127,-139.2],[-12.237,-140.09],[1.752,-140.09],[2.601,-139.439]],"c":true},"ix":2},"nm":"Path 1","mn":"ADBE Vector Shape - Group","hd":false},{"ty":"fl","c":{"a":0,"k":[0.96862745285,0.572549045086,0.192156866193,1],"ix":4},"o":{"a":0,"k":100,"ix":5},"r":1,"bm":0,"nm":"Fill 1","mn":"ADBE Vector Graphic - Fill","hd":false},{"ty":"tr","p":{"a":0,"k":[0,0],"ix":2},"a":{"a":0,"k":[0,0],"ix":1},"s":{"a":0,"k":[100,100],"ix":3},"r":{"a":0,"k":0,"ix":6},"o":{"a":0,"k":100,"ix":7},"sk":{"a":0,"k":0,"ix":4},"sa":{"a":0,"k":0,"ix":5},"nm":"Transform"}],"nm":"Group 5","np":2,"cix":2,"bm":0,"ix":5,"mn":"ADBE Vector Group","hd":false},{"ty":"gr","it":[{"ind":0,"ty":"sh","ix":1,"ks":{"a":0,"k":{"i":[[0,0],[0,0],[0,0],[0,0],[0,0],[0,0],[0,0],[0,0]],"o":[[0,0],[0,0],[0,0],[0,0],[0,0],[0,0],[0,0],[0,0]],"v":[[34.18,-156.368],[34.18,-102.576],[33.686,-102.84],[2.601,-119.499],[-0.283,-121.046],[-0.283,-137.893],[2.601,-139.439],[33.686,-156.103]],"c":true},"ix":2},"nm":"Path 1","mn":"ADBE Vector Shape - Group","hd":false},{"ty":"fl","c":{"a":0,"k":[1,1,1,1],"ix":4},"o":{"a":0,"k":100,"ix":5},"r":1,"bm":0,"nm":"Fill 1","mn":"ADBE Vector Graphic - Fill","hd":false},{"ty":"tr","p":{"a":0,"k":[0,0],"ix":2},"a":{"a":0,"k":[0,0],"ix":1},"s":{"a":0,"k":[100,100],"ix":3},"r":{"a":0,"k":0,"ix":6},"o":{"a":0,"k":100,"ix":7},"sk":{"a":0,"k":0,"ix":4},"sa":{"a":0,"k":0,"ix":5},"nm":"Transform"}],"nm":"Group 6","np":2,"cix":2,"bm":0,"ix":6,"mn":"ADBE Vector Group","hd":false},{"ty":"gr","it":[{"ind":0,"ty":"sh","ix":1,"ks":{"a":0,"k":{"i":[[0,0],[0,0],[0,0],[0,0.875],[0,0],[-0.875,0]],"o":[[0,0],[0,0],[-0.875,0],[0,0],[0,-0.88],[0,0]],"v":[[-9.185,-138.819],[-9.185,-120.125],[-14.846,-120.125],[-16.433,-121.712],[-16.433,-137.227],[-14.846,-138.819]],"c":true},"ix":2},"nm":"Path 1","mn":"ADBE Vector Shape - Group","hd":false},{"ty":"fl","c":{"a":0,"k":[1,1,1,1],"ix":4},"o":{"a":0,"k":100,"ix":5},"r":1,"bm":0,"nm":"Fill 1","mn":"ADBE Vector Graphic - Fill","hd":false},{"ty":"tr","p":{"a":0,"k":[0,0],"ix":2},"a":{"a":0,"k":[0,0],"ix":1},"s":{"a":0,"k":[100,100],"ix":3},"r":{"a":0,"k":0,"ix":6},"o":{"a":0,"k":100,"ix":7},"sk":{"a":0,"k":0,"ix":4},"sa":{"a":0,"k":0,"ix":5},"nm":"Transform"}],"nm":"Group 7","np":2,"cix":2,"bm":0,"ix":7,"mn":"ADBE Vector Group","hd":false},{"ty":"gr","it":[{"ind":0,"ty":"sh","ix":1,"ks":{"a":0,"k":{"i":[[0.041,0.247],[0,0],[0,0],[0,0],[0,0],[0,0],[-0.798,0.132],[0,0]],"o":[[0,0],[0,0],[0,0],[0,0],[0,0],[0.123,0.745],[0,0],[-0.157,-0.179]],"v":[[-2.273,-93.788],[-7.023,-122.552],[-0.483,-123.632],[-0.594,-124.306],[-11.219,-122.552],[-6.47,-93.788],[-4.801,-92.678],[-1.962,-93.147]],"c":true},"ix":2},"nm":"Path 1","mn":"ADBE Vector Shape - Group","hd":false},{"ty":"fl","c":{"a":0,"k":[0.713725507259,0.721568644047,0.729411780834,1],"ix":4},"o":{"a":0,"k":100,"ix":5},"r":1,"bm":0,"nm":"Fill 1","mn":"ADBE Vector Graphic - Fill","hd":false},{"ty":"tr","p":{"a":0,"k":[0,0],"ix":2},"a":{"a":0,"k":[0,0],"ix":1},"s":{"a":0,"k":[100,100],"ix":3},"r":{"a":0,"k":0,"ix":6},"o":{"a":0,"k":65,"ix":7},"sk":{"a":0,"k":0,"ix":4},"sa":{"a":0,"k":0,"ix":5},"nm":"Transform"}],"nm":"Group 8","np":2,"cix":2,"bm":1,"ix":8,"mn":"ADBE Vector Group","hd":false},{"ty":"gr","it":[{"ind":0,"ty":"sh","ix":1,"ks":{"a":0,"k":{"i":[[0,0],[0,0],[-0.798,0.132],[0,0],[0.123,0.745],[0,0]],"o":[[0,0],[0.123,0.745],[0,0],[0.798,-0.132],[0,0],[0,0]],"v":[[-11.219,-122.552],[-6.47,-93.788],[-4.801,-92.678],[2.932,-93.955],[4.155,-95.542],[-0.594,-124.306]],"c":true},"ix":2},"nm":"Path 1","mn":"ADBE Vector Shape - Group","hd":false},{"ty":"fl","c":{"a":0,"k":[1,1,1,1],"ix":4},"o":{"a":0,"k":100,"ix":5},"r":1,"bm":0,"nm":"Fill 1","mn":"ADBE Vector Graphic - Fill","hd":false},{"ty":"tr","p":{"a":0,"k":[0,0],"ix":2},"a":{"a":0,"k":[0,0],"ix":1},"s":{"a":0,"k":[100,100],"ix":3},"r":{"a":0,"k":0,"ix":6},"o":{"a":0,"k":100,"ix":7},"sk":{"a":0,"k":0,"ix":4},"sa":{"a":0,"k":0,"ix":5},"nm":"Transform"}],"nm":"Group 9","np":2,"cix":2,"bm":0,"ix":9,"mn":"ADBE Vector Group","hd":false}],"ip":0,"op":603,"st":0,"bm":0},{"ddd":0,"ind":15,"ty":4,"nm":"Objects 12","sr":1,"ks":{"o":{"a":0,"k":100,"ix":11},"r":{"a":0,"k":0,"ix":10},"p":{"a":0,"k":[250,250,0],"ix":2},"a":{"a":0,"k":[0,0,0],"ix":1},"s":{"a":0,"k":[100,100,100],"ix":6}},"ao":0,"shapes":[{"ty":"gr","it":[{"ind":0,"ty":"sh","ix":1,"ks":{"a":0,"k":{"i":[[0.87,1.195],[0.446,1.729],[-0.807,0.536],[-0.962,0.771],[-0.168,-0.068],[-0.06,-0.107],[-3.327,-2.404],[-1.107,-0.053],[-0.267,1.636],[-0.074,2.07],[-0.151,-0.227],[-0.582,-1.216],[-1.235,-2.581],[0.143,-0.722],[2.374,0.639],[0.175,-0.063],[0.1,-0.292],[1.133,-1.637],[0.268,-0.089],[0.346,0.406],[1.005,1.182],[1.491,1.753]],"o":[[-1.016,-1.395],[-0.322,-1.247],[1.022,-0.678],[0.144,-0.115],[0.111,0.044],[2.012,3.594],[0.913,0.659],[1.418,0.067],[0.334,-2.047],[0.005,-0.126],[0.738,1.114],[1.235,2.581],[0.314,0.657],[-2.374,-0.639],[-0.178,-0.048],[-0.278,0.1],[-0.655,1.904],[-0.166,0.24],[-0.495,0.164],[-1.005,-1.182],[-1.491,-1.752],[-0.954,-1.121]],"v":[[-50.819,-103.372],[-54.472,-108.175],[-52.511,-110.285],[-49.533,-112.46],[-49.041,-112.631],[-48.803,-112.365],[-41.495,-103.171],[-38.46,-101.869],[-35.987,-103.626],[-35.699,-109.844],[-33.751,-108.761],[-31.945,-104.985],[-28.241,-97.242],[-27.747,-95.141],[-34.868,-97.059],[-35.411,-97.092],[-35.918,-96.37],[-38.618,-91.023],[-39.242,-90.444],[-40.553,-91.132],[-43.568,-94.676],[-48.041,-99.934]],"c":true},"ix":2},"nm":"Path 1","mn":"ADBE Vector Shape - Group","hd":false},{"ty":"fl","c":{"a":0,"k":[1,0.964705884457,0.882352948189,1],"ix":4},"o":{"a":0,"k":100,"ix":5},"r":1,"bm":0,"nm":"Fill 1","mn":"ADBE Vector Graphic - Fill","hd":false},{"ty":"tr","p":{"a":0,"k":[0,0],"ix":2},"a":{"a":0,"k":[0,0],"ix":1},"s":{"a":0,"k":[100,100],"ix":3},"r":{"a":0,"k":0,"ix":6},"o":{"a":0,"k":100,"ix":7},"sk":{"a":0,"k":0,"ix":4},"sa":{"a":0,"k":0,"ix":5},"nm":"Transform"}],"nm":"Group 1","np":2,"cix":2,"bm":0,"ix":1,"mn":"ADBE Vector Group","hd":false}],"ip":0,"op":603,"st":0,"bm":0},{"ddd":0,"ind":16,"ty":4,"nm":"mouth","sr":1,"ks":{"o":{"a":0,"k":100,"ix":11},"r":{"a":0,"k":0,"ix":10},"p":{"a":0,"k":[219.429,122.131,0],"ix":2},"a":{"a":0,"k":[-30.571,-127.869,0],"ix":1},"s":{"a":1,"k":[{"i":{"x":[0.833,0.833,0.833],"y":[0.833,0.833,0.833]},"o":{"x":[0.167,0.167,0.167],"y":[0.167,0.167,0.167]},"n":["0p833_0p833_0p167_0p167","0p833_0p833_0p167_0p167","0p833_0p833_0p167_0p167"],"t":48,"s":[100,63,100],"e":[100,100,100]},{"i":{"x":[0.833,0.833,0.833],"y":[0.833,0.833,0.833]},"o":{"x":[0.167,0.167,0.167],"y":[0.167,0.167,0.167]},"n":["0p833_0p833_0p167_0p167","0p833_0p833_0p167_0p167","0p833_0p833_0p167_0p167"],"t":57,"s":[100,100,100],"e":[100,63,100]},{"i":{"x":[0.833,0.833,0.833],"y":[0.833,0.833,0.833]},"o":{"x":[0.167,0.167,0.167],"y":[0.167,0.167,0.167]},"n":["0p833_0p833_0p167_0p167","0p833_0p833_0p167_0p167","0p833_0p833_0p167_0p167"],"t":82,"s":[100,63,100],"e":[100,100,100]},{"i":{"x":[0.833,0.833,0.833],"y":[0.833,0.833,0.833]},"o":{"x":[0.167,0.167,0.167],"y":[0.167,0.167,0.167]},"n":["0p833_0p833_0p167_0p167","0p833_0p833_0p167_0p167","0p833_0p833_0p167_0p167"],"t":91,"s":[100,100,100],"e":[100,63,100]},{"i":{"x":[0.833,0.833,0.833],"y":[0.833,0.833,0.833]},"o":{"x":[0.167,0.167,0.167],"y":[0.167,0.167,0.167]},"n":["0p833_0p833_0p167_0p167","0p833_0p833_0p167_0p167","0p833_0p833_0p167_0p167"],"t":123,"s":[100,63,100],"e":[100,100,100]},{"t":132}],"ix":6}},"ao":0,"shapes":[{"ind":0,"ty":"sh","ix":1,"ks":{"a":0,"k":{"i":[[-0.078,-0.356],[-0.926,-1.252],[-1.505,-0.552],[-1.386,0.805],[-0.414,1.591],[-0.275,1.643],[1.306,0.311],[1.287,-0.474],[2.13,-0.976],[0.125,-0.157]],"o":[[0.333,1.521],[0.954,1.289],[1.505,0.552],[1.422,-0.826],[0.425,-1.634],[0.148,-0.884],[-1.31,-0.312],[-2.198,0.81],[-0.182,0.084],[-0.228,0.285]],"v":[[-37.458,-128.623],[-35.539,-124.4],[-31.816,-121.465],[-27.17,-121.755],[-24.436,-125.706],[-23.767,-130.73],[-24.595,-134.608],[-30.364,-132.685],[-36.86,-130.004],[-37.356,-129.675]],"c":true},"ix":2},"nm":"Path 1","mn":"ADBE Vector Shape - Group","hd":false},{"ty":"fl","c":{"a":0,"k":[0.964705884457,0.89411765337,0.705882370472,1],"ix":4},"o":{"a":0,"k":100,"ix":5},"r":1,"bm":0,"nm":"Fill 1","mn":"ADBE Vector Graphic - Fill","hd":false}],"ip":0,"op":603,"st":0,"bm":0},{"ddd":0,"ind":17,"ty":4,"nm":"head","sr":1,"ks":{"o":{"a":0,"k":100,"ix":11},"r":{"a":0,"k":0,"ix":10},"p":{"a":0,"k":[250,250,0],"ix":2},"a":{"a":0,"k":[0,0,0],"ix":1},"s":{"a":0,"k":[100,100,100],"ix":6}},"ao":0,"shapes":[{"ty":"gr","it":[{"ind":0,"ty":"sh","ix":1,"ks":{"a":0,"k":{"i":[[-0.331,-2.012],[1.187,-0.195],[0.331,2.012],[-1.187,0.195]],"o":[[0.331,2.012],[-1.187,0.195],[-0.331,-2.012],[1.187,-0.195]],"v":[[-41.907,-146.831],[-43.456,-142.835],[-46.204,-146.123],[-44.655,-150.119]],"c":true},"ix":2},"nm":"Path 1","mn":"ADBE Vector Shape - Group","hd":false},{"ty":"fl","c":{"a":0,"k":[0.568627476692,0.274509817362,0.286274522543,1],"ix":4},"o":{"a":0,"k":100,"ix":5},"r":1,"bm":0,"nm":"Fill 1","mn":"ADBE Vector Graphic - Fill","hd":false},{"ty":"tr","p":{"a":0,"k":[0,0],"ix":2},"a":{"a":0,"k":[0,0],"ix":1},"s":{"a":0,"k":[100,100],"ix":3},"r":{"a":0,"k":0,"ix":6},"o":{"a":0,"k":100,"ix":7},"sk":{"a":0,"k":0,"ix":4},"sa":{"a":0,"k":0,"ix":5},"nm":"Transform"}],"nm":"Group 1","np":2,"cix":2,"bm":0,"ix":1,"mn":"ADBE Vector Group","hd":false},{"ty":"gr","it":[{"ind":0,"ty":"sh","ix":1,"ks":{"a":0,"k":{"i":[[-0.063,-0.014],[2.342,-0.697],[1.693,-0.152],[0.011,-0.195],[0,0],[0.059,-1.02],[0.014,-0.24],[0,0],[0.043,-0.543],[1.871,0.868],[2.234,0.601],[-0.008,0.564],[-0.015,0.299],[-0.007,0.15],[0.956,0.459],[-0.995,-0.198],[-1.664,-0.091],[-0.017,-0.01],[-0.446,-0.067],[-2.403,0.21],[-1.624,0.49],[-2.229,1.453]],"o":[[-2.359,1.944],[-1.624,0.49],[-0.011,0.195],[0,0],[-0.051,0.989],[-0.004,0.223],[0,0],[-0.029,0.54],[-1.97,-0.371],[-2.121,-0.984],[0.015,-0.477],[0.022,-0.271],[0.007,-0.15],[-0.995,-0.316],[0.971,0.278],[1.636,0.335],[0.014,-0.003],[0.449,0.081],[2.367,0.361],[1.693,-0.152],[1.955,-0.587],[0.059,0]],"v":[[-22.194,-120.298],[-30.391,-116.423],[-35.376,-115.472],[-35.409,-114.887],[-35.405,-114.873],[-35.587,-111.841],[-35.634,-111.134],[-35.631,-111.12],[-35.733,-109.498],[-41.426,-111.773],[-47.977,-114.161],[-47.921,-115.728],[-47.883,-116.595],[-47.861,-117.044],[-50.783,-118.214],[-47.843,-117.507],[-42.883,-116.885],[-42.837,-116.881],[-41.508,-116.648],[-34.301,-116.388],[-29.316,-117.34],[-22.365,-120.33]],"c":true},"ix":2},"nm":"Path 1","mn":"ADBE Vector Shape - Group","hd":false},{"ty":"fl","c":{"a":0,"k":[0.964705884457,0.552941203117,0.439215689898,1],"ix":4},"o":{"a":0,"k":100,"ix":5},"r":1,"bm":0,"nm":"Fill 1","mn":"ADBE Vector Graphic - Fill","hd":false},{"ty":"tr","p":{"a":0,"k":[0,0],"ix":2},"a":{"a":0,"k":[0,0],"ix":1},"s":{"a":0,"k":[100,100],"ix":3},"r":{"a":0,"k":0,"ix":6},"o":{"a":0,"k":100,"ix":7},"sk":{"a":0,"k":0,"ix":4},"sa":{"a":0,"k":0,"ix":5},"nm":"Transform"}],"nm":"Group 2","np":2,"cix":2,"bm":0,"ix":2,"mn":"ADBE Vector Group","hd":false},{"ty":"gr","it":[{"ind":0,"ty":"sh","ix":1,"ks":{"a":0,"k":{"i":[[4.203,-6.26],[0.032,-0.362],[-0.225,-0.468],[0.605,-1.451],[0.893,-1.176],[-0.251,-1.455],[-0.169,-0.152],[-0.253,-0.018],[-1.592,0.324],[-2.611,0.861],[-2.521,4.28],[0.758,1.887],[1.959,0.984]],"o":[[-0.202,0.301],[-0.046,0.517],[0.681,1.417],[-0.568,1.363],[-0.893,1.176],[0.039,0.225],[0.188,0.169],[1.62,0.115],[2.694,-0.549],[4.547,-1.5],[1.032,-1.752],[-0.817,-2.035],[-6.833,-3.431]],"v":[[-46.841,-180.346],[-47.273,-179.36],[-46.796,-177.901],[-46.675,-173.326],[-49.211,-169.713],[-50.607,-165.643],[-50.329,-165.033],[-49.618,-164.81],[-44.784,-165.29],[-36.817,-167.407],[-24.783,-175.566],[-24.039,-181.408],[-28.839,-185.685]],"c":true},"ix":2},"nm":"Path 1","mn":"ADBE Vector Shape - Group","hd":false},{"ty":"fl","c":{"a":0,"k":[0.674509823322,0.35686275363,0.321568638086,1],"ix":4},"o":{"a":0,"k":100,"ix":5},"r":1,"bm":0,"nm":"Fill 1","mn":"ADBE Vector Graphic - Fill","hd":false},{"ty":"tr","p":{"a":0,"k":[0,0],"ix":2},"a":{"a":0,"k":[0,0],"ix":1},"s":{"a":0,"k":[100,100],"ix":3},"r":{"a":0,"k":0,"ix":6},"o":{"a":0,"k":100,"ix":7},"sk":{"a":0,"k":0,"ix":4},"sa":{"a":0,"k":0,"ix":5},"nm":"Transform"}],"nm":"Group 3","np":2,"cix":2,"bm":0,"ix":3,"mn":"ADBE Vector Group","hd":false},{"ty":"gr","it":[{"ind":0,"ty":"sh","ix":1,"ks":{"a":0,"k":{"i":[[1.232,0.7],[2.084,-0.953],[-1.291,0.59],[-1.28,-0.727]],"o":[[-1.976,-1.122],[-1.286,0.588],[1.32,-0.604],[1.22,0.693]],"v":[[-23.557,-162.134],[-29.874,-162.468],[-28.952,-160.47],[-24.839,-160.346]],"c":true},"ix":2},"nm":"Path 1","mn":"ADBE Vector Shape - Group","hd":false},{"ty":"fl","c":{"a":0,"k":[0.568627476692,0.274509817362,0.286274522543,1],"ix":4},"o":{"a":0,"k":100,"ix":5},"r":1,"bm":0,"nm":"Fill 1","mn":"ADBE Vector Graphic - Fill","hd":false},{"ty":"tr","p":{"a":0,"k":[0,0],"ix":2},"a":{"a":0,"k":[0,0],"ix":1},"s":{"a":0,"k":[100,100],"ix":3},"r":{"a":0,"k":0,"ix":6},"o":{"a":0,"k":100,"ix":7},"sk":{"a":0,"k":0,"ix":4},"sa":{"a":0,"k":0,"ix":5},"nm":"Transform"}],"nm":"Group 5","np":2,"cix":2,"bm":0,"ix":5,"mn":"ADBE Vector Group","hd":false},{"ty":"gr","it":[{"ind":0,"ty":"sh","ix":1,"ks":{"a":0,"k":{"i":[[1.414,0.097],[1.503,-2.975],[-0.633,1.252],[-2.291,-0.158]],"o":[[-3.346,-0.23],[-0.639,1.265],[1.045,-2.068],[1.411,0.097]],"v":[[-46.272,-158.186],[-54.102,-153.681],[-52.048,-152.894],[-46.505,-155.998]],"c":true},"ix":2},"nm":"Path 1","mn":"ADBE Vector Shape - Group","hd":false},{"ty":"fl","c":{"a":0,"k":[0.568627476692,0.274509817362,0.286274522543,1],"ix":4},"o":{"a":0,"k":100,"ix":5},"r":1,"bm":0,"nm":"Fill 1","mn":"ADBE Vector Graphic - Fill","hd":false},{"ty":"tr","p":{"a":0,"k":[0,0],"ix":2},"a":{"a":0,"k":[0,0],"ix":1},"s":{"a":0,"k":[100,100],"ix":3},"r":{"a":0,"k":0,"ix":6},"o":{"a":0,"k":100,"ix":7},"sk":{"a":0,"k":0,"ix":4},"sa":{"a":0,"k":0,"ix":5},"nm":"Transform"}],"nm":"Group 6","np":2,"cix":2,"bm":0,"ix":6,"mn":"ADBE Vector Group","hd":false},{"ty":"gr","it":[{"ind":0,"ty":"sh","ix":1,"ks":{"a":0,"k":{"i":[[-0.331,-2.012],[1.186,-0.195],[0.331,2.012],[-1.187,0.195]],"o":[[0.331,2.012],[-1.187,0.195],[-0.331,-2.012],[1.187,-0.195]],"v":[[-23.41,-151.403],[-24.959,-147.407],[-27.708,-150.696],[-26.159,-154.691]],"c":true},"ix":2},"nm":"Path 1","mn":"ADBE Vector Shape - Group","hd":false},{"ty":"fl","c":{"a":0,"k":[0.568627476692,0.274509817362,0.286274522543,1],"ix":4},"o":{"a":0,"k":100,"ix":5},"r":1,"bm":0,"nm":"Fill 1","mn":"ADBE Vector Graphic - Fill","hd":false},{"ty":"tr","p":{"a":0,"k":[0,0],"ix":2},"a":{"a":0,"k":[0,0],"ix":1},"s":{"a":0,"k":[100,100],"ix":3},"r":{"a":0,"k":0,"ix":6},"o":{"a":0,"k":100,"ix":7},"sk":{"a":0,"k":0,"ix":4},"sa":{"a":0,"k":0,"ix":5},"nm":"Transform"}],"nm":"Group 7","np":2,"cix":2,"bm":0,"ix":7,"mn":"ADBE Vector Group","hd":false},{"ty":"gr","it":[{"ind":0,"ty":"sh","ix":1,"ks":{"a":0,"k":{"i":[[-0.569,1.418],[0.692,-4.753],[-0.052,-0.115],[-0.161,0.139],[-3.179,-3.781],[-0.261,1.781],[2.753,0.619]],"o":[[-1.732,4.314],[-0.023,0.156],[0.09,0.201],[4.106,-3.543],[0.226,0.269],[-1.995,3.912],[-0.732,-0.165]],"v":[[-78.557,-165.425],[-81.708,-151.467],[-81.7,-151.021],[-81.23,-151.092],[-69.032,-150.693],[-65.569,-167.512],[-73.675,-161.608]],"c":true},"ix":2},"nm":"Path 1","mn":"ADBE Vector Shape - Group","hd":false},{"ty":"fl","c":{"a":0,"k":[0.674509823322,0.35686275363,0.321568638086,1],"ix":4},"o":{"a":0,"k":100,"ix":5},"r":1,"bm":0,"nm":"Fill 1","mn":"ADBE Vector Graphic - Fill","hd":false},{"ty":"tr","p":{"a":0,"k":[0,0],"ix":2},"a":{"a":0,"k":[0,0],"ix":1},"s":{"a":0,"k":[100,100],"ix":3},"r":{"a":0,"k":0,"ix":6},"o":{"a":0,"k":100,"ix":7},"sk":{"a":0,"k":0,"ix":4},"sa":{"a":0,"k":0,"ix":5},"nm":"Transform"}],"nm":"Group 8","np":2,"cix":2,"bm":0,"ix":8,"mn":"ADBE Vector Group","hd":false},{"ty":"gr","it":[{"ind":0,"ty":"sh","ix":1,"ks":{"a":0,"k":{"i":[[4.31,-2.531],[0.662,-0.304],[5.625,-1.206],[2.859,-0.231],[2.115,1.408],[0.07,-0.625],[0.329,-1.934],[0.331,-1.247],[0.109,-0.911],[-0.769,0.197],[0.527,-0.135],[0.835,1.106],[1.337,0.363],[0.422,-2.415],[0.001,-0.477],[-11.896,8.354],[-1.52,1.708],[-2.522,1.125],[-1.747,0.455],[-3.327,1.71],[-0.527,2.497],[-0.24,0.473],[-1.041,-0.32],[-0.623,-0.893],[-1.597,-0.451],[-0.511,-1.579],[-1.147,-0.021],[-0.738,-0.878],[0.115,-3.088]],"o":[[-0.63,0.37],[-5.225,2.399],[-2.805,0.601],[-2.483,0.201],[0.346,0.23],[-0.22,1.956],[-0.216,1.272],[-0.235,0.887],[-0.057,0.475],[-0.527,0.135],[-0.503,-1.291],[-0.835,-1.106],[-2.931,-0.796],[-0.082,0.47],[-7.588,-10.14],[1.89,-1.325],[1.801,-2.023],[1.649,-0.736],[3.62,-0.943],[2.27,-1.167],[0.109,-0.519],[0.492,-0.971],[1.041,0.32],[-0.28,-1.635],[1.597,0.451],[-0.039,-1.146],[1.146,0.021],[1.987,2.366],[-0.174,4.656]],"v":[[-25.559,-169.749],[-27.518,-168.758],[-43.836,-163.259],[-52.342,-161.997],[-59.005,-162.866],[-59.636,-157.093],[-60.522,-151.266],[-61.343,-147.486],[-61.952,-144.804],[-60.738,-139.064],[-62.319,-138.658],[-64.223,-142.339],[-67.53,-144.734],[-73.332,-138.616],[-73.46,-137.208],[-72.208,-172.507],[-66.5,-175.409],[-60.371,-180.432],[-55.191,-181.989],[-44.728,-185.984],[-39.544,-191.26],[-39.17,-192.799],[-36.335,-193.797],[-33.866,-191.752],[-30.518,-194.245],[-27.38,-190.644],[-25.081,-192.684],[-22.171,-191.056],[-20.004,-182.264]],"c":true},"ix":2},"nm":"Path 1","mn":"ADBE Vector Shape - Group","hd":false},{"ty":"fl","c":{"a":0,"k":[0.568627476692,0.274509817362,0.286274522543,1],"ix":4},"o":{"a":0,"k":100,"ix":5},"r":1,"bm":0,"nm":"Fill 1","mn":"ADBE Vector Graphic - Fill","hd":false},{"ty":"tr","p":{"a":0,"k":[0,0],"ix":2},"a":{"a":0,"k":[0,0],"ix":1},"s":{"a":0,"k":[100,100],"ix":3},"r":{"a":0,"k":0,"ix":6},"o":{"a":0,"k":100,"ix":7},"sk":{"a":0,"k":0,"ix":4},"sa":{"a":0,"k":0,"ix":5},"nm":"Transform"}],"nm":"Group 9","np":2,"cix":2,"bm":0,"ix":9,"mn":"ADBE Vector Group","hd":false},{"ty":"gr","it":[{"ind":0,"ty":"sh","ix":1,"ks":{"a":0,"k":{"i":[[-0.653,-0.223],[-0.544,-0.738],[0.314,-0.776],[1.771,-0.826],[2.198,0.158],[0.456,4.392],[-1.287,-1.092]],"o":[[1.078,0.368],[0.494,0.67],[-0.711,1.756],[0.513,-0.738],[-5.137,-0.369],[0.179,1.727],[0.469,0.398]],"v":[[-28.605,-143.665],[-25.849,-142.27],[-25.826,-139.89],[-29.741,-135.819],[-28.218,-140.602],[-33.889,-149.678],[-30.358,-144.538]],"c":true},"ix":2},"nm":"Path 1","mn":"ADBE Vector Shape - Group","hd":false},{"ty":"fl","c":{"a":0,"k":[0.964705884457,0.552941203117,0.435294121504,1],"ix":4},"o":{"a":0,"k":100,"ix":5},"r":1,"bm":0,"nm":"Fill 1","mn":"ADBE Vector Graphic - Fill","hd":false},{"ty":"tr","p":{"a":0,"k":[0,0],"ix":2},"a":{"a":0,"k":[0,0],"ix":1},"s":{"a":0,"k":[100,100],"ix":3},"r":{"a":0,"k":0,"ix":6},"o":{"a":0,"k":100,"ix":7},"sk":{"a":0,"k":0,"ix":4},"sa":{"a":0,"k":0,"ix":5},"nm":"Transform"}],"nm":"Group 10","np":2,"cix":2,"bm":0,"ix":10,"mn":"ADBE Vector Group","hd":false},{"ty":"gr","it":[{"ind":0,"ty":"sh","ix":1,"ks":{"a":0,"k":{"i":[[-0.521,-4.559],[-0.977,-4.491],[-0.538,-4.451],[1.005,-4.611],[1.204,-0.993],[2.342,-0.697],[1.693,-0.152],[2.367,0.361],[1.732,0.607],[0.956,0.459],[0.014,-0.003],[2.261,5.016],[1.081,0.605],[-0.133,4.188],[-1.103,0.864],[-0.738,0.064],[0.608,1.742],[-0.835,3.622],[-0.059,0.177],[-2.245,1.147],[-2.719,1.323],[-6.616,1.414],[-3.429,-1.726]],"o":[[0.538,4.57],[0.949,4.379],[0.555,4.699],[-0.293,1.389],[-2.359,1.944],[-1.624,0.49],[-2.403,0.21],[-1.768,-0.273],[-0.995,-0.316],[-0.003,-0.014],[-4.928,-2.287],[-1.215,-0.01],[-3.703,-1.998],[0.066,-1.407],[0.572,-0.437],[-0.636,-1.736],[-1.137,-3.342],[0.07,-0.195],[0.801,-2.564],[2.674,-1.386],[6.073,-2.951],[3.77,-0.784],[4.107,2.076]],"v":[[-22.766,-165.203],[-21.736,-151.467],[-19.047,-138.556],[-19.793,-123.864],[-22.194,-120.298],[-30.391,-116.423],[-35.376,-115.472],[-42.583,-115.731],[-47.861,-117.044],[-50.783,-118.214],[-50.8,-118.225],[-62.241,-129.209],[-65.773,-130.214],[-71.727,-140.603],[-70.189,-144.37],[-68.206,-145.082],[-70.051,-150.275],[-72.47,-161.434],[-72.301,-162.008],[-66.982,-167.049],[-59.146,-171.545],[-40.03,-178.208],[-29.306,-176.704]],"c":true},"ix":2},"nm":"Path 1","mn":"ADBE Vector Shape - Group","hd":false},{"ty":"fl","c":{"a":0,"k":[0.984313726425,0.701960802078,0.509803950787,1],"ix":4},"o":{"a":0,"k":100,"ix":5},"r":1,"bm":0,"nm":"Fill 1","mn":"ADBE Vector Graphic - Fill","hd":false},{"ty":"tr","p":{"a":0,"k":[0,0],"ix":2},"a":{"a":0,"k":[0,0],"ix":1},"s":{"a":0,"k":[100,100],"ix":3},"r":{"a":0,"k":0,"ix":6},"o":{"a":0,"k":100,"ix":7},"sk":{"a":0,"k":0,"ix":4},"sa":{"a":0,"k":0,"ix":5},"nm":"Transform"}],"nm":"Group 11","np":2,"cix":2,"bm":0,"ix":11,"mn":"ADBE Vector Group","hd":false},{"ty":"gr","it":[{"ind":0,"ty":"sh","ix":1,"ks":{"a":0,"k":{"i":[[0,0],[0.129,-2.827],[0,-0.059],[-0.014,-0.056],[0,-0.059],[0.033,-0.467],[0.011,-0.195],[0,0],[0.059,-1.02],[0.014,-0.24],[0,0],[0.043,-0.543],[0.043,-0.602],[2.901,-0.407],[0.876,0.493],[0.26,5.837],[0.003,0.191],[-0.022,0.568],[0.003,0.073],[-0.008,0.564],[-0.015,0.299],[-0.007,0.15],[-0.004,0.164],[-0.055,0.916],[-0.037,0.749],[-0.061,0.651],[-0.042,0.01]],"o":[[0.024,2.908],[0,0.059],[0.003,0.073],[0,0.059],[-0.036,0.452],[-0.011,0.195],[0,0],[-0.051,0.989],[-0.004,0.223],[0,0],[-0.029,0.54],[-0.047,0.588],[-0.185,2.9],[-0.986,0.14],[-4.867,-2.701],[-0.021,-0.084],[0.011,-0.313],[-0.003,-0.073],[0.015,-0.477],[0.022,-0.271],[0.007,-0.15],[0.007,-0.15],[0.058,-0.902],[0.044,-0.839],[0.079,-0.996],[0.075,-0.714],[0.014,-0.003]],"v":[[-35.073,-125.914],[-35.277,-117.345],[-35.277,-117.167],[-35.281,-117.004],[-35.285,-116.84],[-35.376,-115.472],[-35.409,-114.887],[-35.405,-114.873],[-35.587,-111.841],[-35.634,-111.134],[-35.631,-111.12],[-35.733,-109.498],[-35.856,-107.722],[-38.231,-99.564],[-41.046,-100.361],[-48.024,-112.197],[-48.036,-112.608],[-47.984,-113.952],[-47.977,-114.161],[-47.921,-115.728],[-47.883,-116.595],[-47.861,-117.044],[-47.843,-117.507],[-47.682,-120.268],[-47.54,-122.684],[-47.349,-125.201],[-47.168,-126.325]],"c":true},"ix":2},"nm":"Path 1","mn":"ADBE Vector Shape - Group","hd":false},{"ty":"fl","c":{"a":0,"k":[0.984313726425,0.701960802078,0.509803950787,1],"ix":4},"o":{"a":0,"k":100,"ix":5},"r":1,"bm":0,"nm":"Fill 1","mn":"ADBE Vector Graphic - Fill","hd":false},{"ty":"tr","p":{"a":0,"k":[0,0],"ix":2},"a":{"a":0,"k":[0,0],"ix":1},"s":{"a":0,"k":[100,100],"ix":3},"r":{"a":0,"k":0,"ix":6},"o":{"a":0,"k":100,"ix":7},"sk":{"a":0,"k":0,"ix":4},"sa":{"a":0,"k":0,"ix":5},"nm":"Transform"}],"nm":"Group 12","np":2,"cix":2,"bm":0,"ix":12,"mn":"ADBE Vector Group","hd":false},{"ty":"gr","it":[{"ind":0,"ty":"sh","ix":1,"ks":{"a":0,"k":{"i":[[-0.053,-0.053],[4.711,-2.197],[2.107,-0.256],[1.713,0.291],[4.25,2.258],[-0.025,0.112],[1.944,2.457],[1.463,2.973],[-0.974,2.054],[-2.045,0.241],[-0.583,0.369],[-0.221,1.034],[-1.609,4.09],[-0.944,-0.23],[-0.252,-0.269],[-0.171,-4.708],[-1.275,-4.568],[-3.582,-1.748],[-3.357,1.677],[-2.298,-1.642]],"o":[[-3.528,3.77],[-1.931,0.914],[-1.73,0.229],[-4.84,-0.789],[0.013,-0.109],[0.625,-2.986],[-2.043,-2.592],[-0.989,-2.019],[0.877,-1.858],[0.68,-0.089],[0.893,-0.565],[0.921,-4.304],[0.348,-0.893],[0.352,0.085],[3.141,3.498],[0.168,4.749],[1.068,3.838],[3.551,1.729],[2.24,-1.11],[0.062,0.038]],"v":[[-27.912,-128.062],[-40.847,-119.518],[-46.881,-117.484],[-52.065,-117.737],[-65.869,-122.238],[-65.806,-122.572],[-67.447,-128.835],[-72.722,-137.218],[-73.583,-143.702],[-68.522,-146.726],[-66.526,-147.219],[-65.129,-149.973],[-61.326,-162.585],[-59.346,-164.319],[-58.463,-163.69],[-55.351,-150.247],[-53.176,-136.201],[-46.78,-126.547],[-35.563,-127.428],[-28.077,-128.193]],"c":true},"ix":2},"nm":"Path 1","mn":"ADBE Vector Shape - Group","hd":false},{"ty":"fl","c":{"a":0,"k":[0.490196079016,0.23137255013,0.243137255311,1],"ix":4},"o":{"a":0,"k":100,"ix":5},"r":1,"bm":0,"nm":"Fill 1","mn":"ADBE Vector Graphic - Fill","hd":false},{"ty":"tr","p":{"a":0,"k":[0,0],"ix":2},"a":{"a":0,"k":[0,0],"ix":1},"s":{"a":0,"k":[100,100],"ix":3},"r":{"a":0,"k":0,"ix":6},"o":{"a":0,"k":100,"ix":7},"sk":{"a":0,"k":0,"ix":4},"sa":{"a":0,"k":0,"ix":5},"nm":"Transform"}],"nm":"Group 13","np":2,"cix":2,"bm":0,"ix":13,"mn":"ADBE Vector Group","hd":false},{"ty":"gr","it":[{"ind":0,"ty":"sh","ix":1,"ks":{"a":0,"k":{"i":[[0.306,-1.598],[1.291,-1.682],[0.509,-0.563],[4.711,-2.197],[2.107,-0.256],[1.713,0.291],[4.25,2.258],[2.916,3.553],[1.519,2.751],[0.779,2.969],[-1.468,6.019],[-0.976,1.216],[-0.891,1.234],[-1.607,1.839],[-1.502,0.441],[-6.787,1.143],[-2.922,-0.17],[-1.27,-2.637],[-0.339,-2.067],[0.048,-2.112],[-0.623,-2.572],[-0.065,-0.262],[-2.585,-5.157],[-0.724,-1.806]],"o":[[-0.386,2.08],[-0.46,0.603],[-3.528,3.77],[-1.931,0.914],[-1.73,0.229],[-4.84,-0.789],[-3.97,-2.089],[-2.032,-2.465],[-1.469,-2.66],[-1.572,-5.988],[0.369,-1.514],[0.953,-1.186],[1.43,-1.98],[1.03,-1.178],[6.605,-1.937],[2.886,-0.486],[2.922,0.171],[0.954,1.981],[0.342,2.081],[-0.06,2.648],[0.065,0.262],[1.521,5.566],[1.044,2.084],[0.443,1.095]],"v":[[-23.718,-135.504],[-26.44,-129.815],[-27.912,-128.062],[-40.847,-119.518],[-46.881,-117.484],[-52.065,-117.737],[-65.869,-122.238],[-76.341,-130.66],[-81.065,-138.645],[-84.49,-146.977],[-84.696,-165.365],[-82.865,-169.626],[-79.656,-172.861],[-76.599,-179.472],[-72.536,-181.694],[-52.093,-184.37],[-43.403,-185.455],[-36.136,-181.305],[-35.343,-175.2],[-35.432,-169.132],[-34.583,-161.256],[-34.374,-160.461],[-27.233,-144.745],[-24.05,-139.418]],"c":true},"ix":2},"nm":"Path 1","mn":"ADBE Vector Shape - Group","hd":false},{"ty":"fl","c":{"a":0,"k":[0.568627476692,0.274509817362,0.286274522543,1],"ix":4},"o":{"a":0,"k":100,"ix":5},"r":1,"bm":0,"nm":"Fill 1","mn":"ADBE Vector Graphic - Fill","hd":false},{"ty":"tr","p":{"a":0,"k":[0,0],"ix":2},"a":{"a":0,"k":[0,0],"ix":1},"s":{"a":0,"k":[100,100],"ix":3},"r":{"a":0,"k":0,"ix":6},"o":{"a":0,"k":100,"ix":7},"sk":{"a":0,"k":0,"ix":4},"sa":{"a":0,"k":0,"ix":5},"nm":"Transform"}],"nm":"Group 14","np":2,"cix":2,"bm":0,"ix":14,"mn":"ADBE Vector Group","hd":false}],"ip":0,"op":603,"st":0,"bm":0},{"ddd":0,"ind":18,"ty":4,"nm":"Objects 10","sr":1,"ks":{"o":{"a":0,"k":35,"ix":11},"r":{"a":0,"k":0,"ix":10},"p":{"a":0,"k":[250,250,0],"ix":2},"a":{"a":0,"k":[0,0,0],"ix":1},"s":{"a":0,"k":[100,100,100],"ix":6}},"ao":0,"shapes":[{"ty":"gr","it":[{"ind":0,"ty":"sh","ix":1,"ks":{"a":0,"k":{"i":[[3.849,-0.591],[-0.957,-1.401],[-1.107,-1.621],[-1.216,-1.768],[-2.556,-0.215],[-0.188,0.087],[-0.131,0.144],[-1.181,2.124],[-0.211,0.115],[-0.296,-0.082],[-2.002,-0.225],[-0.189,0.576],[0.114,0.305],[1.847,3.127],[1.211,0.533],[0.003,-0.319],[-0.004,-0.288],[0.043,-0.711],[0.273,0.217],[0.654,0.858]],"o":[[0.338,1.768],[1.107,1.621],[1.225,1.794],[1.341,1.949],[0.204,0.017],[0.173,-0.08],[1.633,-1.796],[0.12,-0.217],[0.273,-0.15],[1.93,0.536],[0.572,0.064],[0.102,-0.311],[-1.286,-3.429],[-0.689,-1.168],[-0.438,-0.193],[-0.003,0.288],[0.004,0.759],[-0.174,-0.094],[-0.887,-0.681],[-3.901,0.392]],"v":[[-53.852,-107.537],[-51.342,-103.156],[-48.021,-98.292],[-44.618,-92.821],[-39.405,-88.101],[-38.8,-88.179],[-38.355,-88.546],[-35.039,-95.091],[-34.574,-95.649],[-33.676,-95.643],[-28.064,-93.948],[-26.566,-94.529],[-26.691,-95.482],[-31.402,-105.341],[-34.141,-109.103],[-39.246,-109.32],[-39.247,-108.463],[-39.282,-106.254],[-39.952,-106.707],[-42.238,-109.024]],"c":true},"ix":2},"nm":"Path 1","mn":"ADBE Vector Shape - Group","hd":false},{"ty":"fl","c":{"a":0,"k":[0.168627455831,0.266666680574,0.282352954149,1],"ix":4},"o":{"a":0,"k":100,"ix":5},"r":1,"bm":0,"nm":"Fill 1","mn":"ADBE Vector Graphic - Fill","hd":false},{"ty":"tr","p":{"a":0,"k":[0,0],"ix":2},"a":{"a":0,"k":[0,0],"ix":1},"s":{"a":0,"k":[100,100],"ix":3},"r":{"a":0,"k":0,"ix":6},"o":{"a":0,"k":100,"ix":7},"sk":{"a":0,"k":0,"ix":4},"sa":{"a":0,"k":0,"ix":5},"nm":"Transform"}],"nm":"Group 1","np":2,"cix":2,"bm":1,"ix":1,"mn":"ADBE Vector Group","hd":false}],"ip":0,"op":603,"st":0,"bm":1},{"ddd":0,"ind":19,"ty":4,"nm":"Objects 9","sr":1,"ks":{"o":{"a":0,"k":100,"ix":11},"r":{"a":0,"k":0,"ix":10},"p":{"a":0,"k":[250,250,0],"ix":2},"a":{"a":0,"k":[0,0,0],"ix":1},"s":{"a":0,"k":[100,100,100],"ix":6}},"ao":0,"shapes":[{"ty":"gr","it":[{"ind":0,"ty":"sh","ix":1,"ks":{"a":0,"k":{"i":[[0.11,0.026],[1.781,0.911],[0.902,0.488],[0.004,0.346],[3.468,13.158],[-0.985,0.783],[-0.509,-0.661],[-1.646,-3.525],[-3.642,-8.338],[0.019,-0.309],[0.084,-0.201],[1.435,-2.705],[0.158,-0.069],[0.155,0.034]],"o":[[-1.948,-0.459],[-0.919,-0.47],[-0.291,-0.157],[-0.162,-13.606],[1.146,-0.519],[0.653,-0.519],[2.374,3.082],[3.854,8.254],[0.124,0.284],[-0.013,0.217],[-1.184,2.827],[-0.081,0.152],[-0.145,0.063],[-0.111,-0.024]],"v":[[-22.1,-51.15],[-27.721,-53.218],[-30.371,-54.789],[-32.1,-55.719],[-37.572,-96.069],[-34.359,-98.032],[-32.568,-96.843],[-26.513,-86.893],[-17.321,-61.37],[-17.088,-60.479],[-17.27,-59.856],[-20.971,-51.456],[-21.301,-51.072],[-21.769,-51.074]],"c":true},"ix":2},"nm":"Path 1","mn":"ADBE Vector Shape - Group","hd":false},{"ty":"fl","c":{"a":0,"k":[0.098039217293,0.184313729405,0.20000000298,1],"ix":4},"o":{"a":0,"k":100,"ix":5},"r":1,"bm":0,"nm":"Fill 1","mn":"ADBE Vector Graphic - Fill","hd":false},{"ty":"tr","p":{"a":0,"k":[0,0],"ix":2},"a":{"a":0,"k":[0,0],"ix":1},"s":{"a":0,"k":[100,100],"ix":3},"r":{"a":0,"k":0,"ix":6},"o":{"a":0,"k":100,"ix":7},"sk":{"a":0,"k":0,"ix":4},"sa":{"a":0,"k":0,"ix":5},"nm":"Transform"}],"nm":"Group 1","np":2,"cix":2,"bm":0,"ix":1,"mn":"ADBE Vector Group","hd":false}],"ip":0,"op":603,"st":0,"bm":0},{"ddd":0,"ind":20,"ty":4,"nm":"Objects 8","sr":1,"ks":{"o":{"a":0,"k":100,"ix":11},"r":{"a":0,"k":0,"ix":10},"p":{"a":0,"k":[250,250,0],"ix":2},"a":{"a":0,"k":[0,0,0],"ix":1},"s":{"a":0,"k":[100,100,100],"ix":6}},"ao":0,"shapes":[{"ty":"gr","it":[{"ind":0,"ty":"sh","ix":1,"ks":{"a":0,"k":{"i":[[3.51,-1.31],[0.38,-0.11],[2.36,-0.62],[3.94,-0.45],[2.6,-0.09],[4.27,0.74],[0.47,3.07],[-0.04,1.65],[0.46,4.29],[2.37,8.52],[0.88,2.93],[2.01,6.97],[0.07,1.11],[-0.11,0.67],[-6.65,0.98],[-7.01,0.22],[-1.57,-0.66],[-0.95,-3.74],[-1.48,-8.9],[-0.83,-4.37],[-0.79,-3.29],[-1.03,-2.71],[-1.85,-3.01],[-0.52,-1.78]],"o":[[-0.39,0.15],[-2.34,0.69],[-3.83,1],[-2.59,0.29],[-4.25,0.13],[-3.71,-0.64],[-0.25,-1.63],[0.1,-4.32],[-0.96,-8.79],[-0.82,-2.95],[-2.09,-6.94],[-0.4,-1.39],[-0.05,-0.79],[0.95,-6.13],[6.94,-1.02],[1.7,-0.05],[3.47,1.47],[2.22,8.73],[0.73,4.4],[0.64,3.33],[0.69,2.86],[1.25,3.31],[0.97,1.57],[1.19,4.12]],"v":[[-8.55,-18.14],[-9.72,-17.75],[-16.86,-16.18],[-28.23,-12.8],[-36.04,-12.78],[-48.84,-12.02],[-52.73,-20.12],[-53.3,-24.74],[-54.1,-37.72],[-59.11,-63.74],[-61.68,-72.55],[-67.98,-93.36],[-68.67,-97.11],[-68.58,-99.29],[-53.91,-107.3],[-33,-109.07],[-27.98,-108.48],[-22.08,-99.1],[-16.92,-72.57],[-14.63,-59.41],[-12.51,-49.48],[-10.43,-40.66],[-5.41,-31.13],[-2.89,-26.21]],"c":true},"ix":2},"nm":"Path 1","mn":"ADBE Vector Shape - Group","hd":false},{"ty":"fl","c":{"a":0,"k":[1,0.964705884457,0.882352948189,1],"ix":4},"o":{"a":0,"k":100,"ix":5},"r":1,"bm":0,"nm":"Fill 1","mn":"ADBE Vector Graphic - Fill","hd":false},{"ty":"tr","p":{"a":0,"k":[0,0],"ix":2},"a":{"a":0,"k":[0,0],"ix":1},"s":{"a":0,"k":[100,100],"ix":3},"r":{"a":0,"k":0,"ix":6},"o":{"a":0,"k":100,"ix":7},"sk":{"a":0,"k":0,"ix":4},"sa":{"a":0,"k":0,"ix":5},"nm":"Transform"}],"nm":"Group 1","np":2,"cix":2,"bm":0,"ix":1,"mn":"ADBE Vector Group","hd":false}],"ip":0,"op":603,"st":0,"bm":0},{"ddd":0,"ind":21,"ty":4,"nm":"Objects 7","sr":1,"ks":{"o":{"a":0,"k":100,"ix":11},"r":{"a":0,"k":0,"ix":10},"p":{"a":0,"k":[250,250,0],"ix":2},"a":{"a":0,"k":[0,0,0],"ix":1},"s":{"a":0,"k":[100,100,100],"ix":6}},"ao":0,"shapes":[{"ty":"gr","it":[{"ind":0,"ty":"sh","ix":1,"ks":{"a":0,"k":{"i":[[0.156,-0.589],[1.51,0.122],[7.43,2.665],[0.566,0.6],[0.133,0.311],[0.1,0.422],[1.133,8.529],[0.589,9.673],[-0.2,19.113],[-0.266,14.126],[-0.044,3.454],[-0.022,3.754],[-4.82,1.744],[-3.687,-0.189],[-1.244,0.144],[-0.844,-4.764],[0.555,-4.376],[0.622,-4.842],[0.011,-0.1],[2.477,-19.491],[0.055,-0.422],[0,0],[-1.999,-27.531],[-1.144,-2.221],[-5.397,-3.365],[-1.155,-1.755]],"o":[[-0.333,1.311],[-7.974,-0.644],[-0.811,-0.289],[-0.244,-0.266],[-0.178,-0.411],[-1.988,-8.407],[-1.277,-9.618],[-1.177,-19.091],[0.156,-14.138],[0.067,-3.465],[0.055,-3.754],[0.011,-3.987],[3.72,-1.333],[1.111,0.056],[4.642,-0.544],[0.766,4.32],[-0.611,4.842],[-0.011,0.1],[-2.477,19.49],[-0.055,0.422],[0,0],[-3.476,27.42],[0.178,2.443],[2.843,5.486],[1.866,1.166],[0.355,0.522]],"v":[[-12.098,178.959],[-15.908,180.392],[-38.874,174.395],[-41.095,173.195],[-41.651,172.329],[-42.039,171.063],[-46.16,145.52],[-48.903,116.578],[-49.913,59.228],[-49.114,16.838],[-48.947,6.465],[-48.836,-4.796],[-46.526,-21.855],[-33.51,-22.677],[-29.934,-22.876],[-19.439,-19.722],[-21.327,-4.93],[-23.182,9.597],[-23.215,9.897],[-30.645,68.357],[-30.811,69.623],[-30.811,69.656],[-35.698,152.194],[-34.143,159.346],[-17.518,173.095],[-12.576,177.227]],"c":true},"ix":2},"nm":"Path 1","mn":"ADBE Vector Shape - Group","hd":false},{"ty":"fl","c":{"a":0,"k":[0.098039217293,0.184313729405,0.20000000298,1],"ix":4},"o":{"a":0,"k":100,"ix":5},"r":1,"bm":0,"nm":"Fill 1","mn":"ADBE Vector Graphic - Fill","hd":false},{"ty":"tr","p":{"a":0,"k":[0,0],"ix":2},"a":{"a":0,"k":[0,0],"ix":1},"s":{"a":0,"k":[100,100],"ix":3},"r":{"a":0,"k":0,"ix":6},"o":{"a":0,"k":100,"ix":7},"sk":{"a":0,"k":0,"ix":4},"sa":{"a":0,"k":0,"ix":5},"nm":"Transform"}],"nm":"Group 1","np":2,"cix":2,"bm":0,"ix":1,"mn":"ADBE Vector Group","hd":false}],"ip":0,"op":603,"st":0,"bm":0},{"ddd":0,"ind":22,"ty":4,"nm":"Objects 6","sr":1,"ks":{"o":{"a":0,"k":100,"ix":11},"r":{"a":0,"k":0,"ix":10},"p":{"a":0,"k":[250,250,0],"ix":2},"a":{"a":0,"k":[0,0,0],"ix":1},"s":{"a":0,"k":[100,100,100],"ix":6}},"ao":0,"shapes":[{"ty":"gr","it":[{"ind":0,"ty":"sh","ix":1,"ks":{"a":0,"k":{"i":[[0.156,-0.589],[1.499,0.122],[7.43,2.665],[0.566,0.6],[0.133,0.311],[0.1,0.422],[1.133,8.529],[0.589,9.673],[0.166,6.974],[0,0],[-0.133,12.128],[-0.167,7.763],[-0.122,6.375],[-0.055,4.564],[0,0.244],[0,0],[0.144,-1.111],[0.178,-1.399],[0.577,-4.576],[1.899,-14.915],[-2.032,-27.964],[-1.144,-2.221],[-5.397,-3.365],[-1.166,-1.744]],"o":[[-0.333,1.322],[-7.974,-0.644],[-0.811,-0.289],[-0.233,-0.255],[-0.178,-0.411],[-1.999,-8.407],[-1.288,-9.617],[-0.433,-6.974],[0,0],[-0.289,-12.128],[0.089,-7.763],[0.133,-6.375],[0.089,-4.564],[0,-0.244],[0,0],[-0.144,1.111],[-0.178,1.388],[-0.577,4.576],[-1.899,14.904],[-3.543,27.842],[0.167,2.443],[2.843,5.486],[1.866,1.166],[0.344,0.522]],"v":[[4.72,152.961],[0.91,154.393],[-22.056,148.396],[-24.288,147.197],[-24.833,146.331],[-25.221,145.064],[-29.342,119.521],[-32.096,90.58],[-32.973,69.657],[-32.973,69.623],[-33.095,33.23],[-32.695,9.952],[-32.296,-9.161],[-32.096,-22.876],[-32.085,-23.598],[-5.442,-23.598],[-5.864,-20.278],[-6.397,-16.091],[-8.141,-2.375],[-13.827,42.359],[-18.88,126.196],[-17.325,133.348],[-0.7,147.097],[4.242,151.228]],"c":true},"ix":2},"nm":"Path 1","mn":"ADBE Vector Shape - Group","hd":false},{"ty":"fl","c":{"a":0,"k":[0.054901961237,0.145098045468,0.160784319043,1],"ix":4},"o":{"a":0,"k":100,"ix":5},"r":1,"bm":0,"nm":"Fill 1","mn":"ADBE Vector Graphic - Fill","hd":false},{"ty":"tr","p":{"a":0,"k":[0,0],"ix":2},"a":{"a":0,"k":[0,0],"ix":1},"s":{"a":0,"k":[100,100],"ix":3},"r":{"a":0,"k":0,"ix":6},"o":{"a":0,"k":100,"ix":7},"sk":{"a":0,"k":0,"ix":4},"sa":{"a":0,"k":0,"ix":5},"nm":"Transform"}],"nm":"Group 1","np":2,"cix":2,"bm":0,"ix":1,"mn":"ADBE Vector Group","hd":false}],"ip":0,"op":603,"st":0,"bm":0},{"ddd":0,"ind":24,"ty":4,"nm":"hand_r2","sr":1,"ks":{"o":{"a":0,"k":100,"ix":11},"r":{"a":1,"k":[{"i":{"x":[0.833],"y":[1]},"o":{"x":[0.167],"y":[0.167]},"n":["0p833_1_0p167_0p167"],"t":0,"s":[113],"e":[120]},{"i":{"x":[0.833],"y":[0.833]},"o":{"x":[0.167],"y":[0]},"n":["0p833_0p833_0p167_0"],"t":119,"s":[120],"e":[113]},{"t":239}],"ix":10},"p":{"a":0,"k":[226.018,147.699,0],"ix":2},"a":{"a":0,"k":[-23.482,-104.301,0],"ix":1},"s":{"a":0,"k":[100,100,100],"ix":6}},"ao":0,"shapes":[{"ty":"gr","it":[{"ind":0,"ty":"sh","ix":1,"ks":{"a":0,"k":{"i":[[-2.86,-5.63],[0.46,-0.53],[1.81,-2.12],[0.27,-0.31],[-0.22,-0.19],[0.62,2.48],[-2.37,3.91],[-1.69,1.73],[-0.49,0.56],[-2.67,2.25],[-0.26,-0.03],[-0.11,-0.12],[-0.08,-0.15]],"o":[[0.33,0.64],[-1.82,2.1],[-0.27,0.31],[-0.34,0.4],[-1.94,-1.68],[-1.07,-4.28],[1.27,-2.09],[0.51,-0.53],[2.29,-2.62],[0.2,-0.16],[0.16,0.02],[0.11,0.12],[2.86,5.62]],"v":[[-6.38,-103.83],[-11.69,-97.75],[-17.14,-91.43],[-17.95,-90.49],[-23.9,-83.21],[-27.17,-90.01],[-29.83,-106.58],[-25.11,-112.05],[-23.6,-113.67],[-16.3,-121.05],[-15.61,-121.36],[-15.22,-121.13],[-14.95,-120.71]],"c":true},"ix":2},"nm":"Path 1","mn":"ADBE Vector Shape - Group","hd":false},{"ty":"fl","c":{"a":0,"k":[1,0.964705884457,0.882352948189,1],"ix":4},"o":{"a":0,"k":100,"ix":5},"r":1,"bm":0,"nm":"Fill 1","mn":"ADBE Vector Graphic - Fill","hd":false},{"ty":"tr","p":{"a":0,"k":[0,0],"ix":2},"a":{"a":0,"k":[0,0],"ix":1},"s":{"a":0,"k":[100,100],"ix":3},"r":{"a":0,"k":0,"ix":6},"o":{"a":0,"k":100,"ix":7},"sk":{"a":0,"k":0,"ix":4},"sa":{"a":0,"k":0,"ix":5},"nm":"Transform"}],"nm":"Group 1","np":2,"cix":2,"bm":0,"ix":1,"mn":"ADBE Vector Group","hd":false}],"ip":0,"op":603,"st":0,"bm":0},{"ddd":0,"ind":25,"ty":4,"nm":"hand_r","parent":24,"sr":1,"ks":{"o":{"a":0,"k":100,"ix":11},"r":{"a":0,"k":0,"ix":10},"p":{"a":0,"k":[0,0,0],"ix":2},"a":{"a":0,"k":[0,0,0],"ix":1},"s":{"a":0,"k":[100,100,100],"ix":6}},"ao":0,"shapes":[{"ty":"gr","it":[{"ind":0,"ty":"sh","ix":1,"ks":{"a":0,"k":{"i":[[-3.776,3.846],[-1.622,3.709],[-0.885,1.801],[-2.301,0.622],[-1.412,-3.594],[0.3,-1.969],[1.059,-1.14],[1.636,-0.565],[1.929,-0.267],[1.528,-1.651],[19.156,-19.329],[1.782,0.068],[0.275,1.781],[-1.073,1.448],[-1.342,1.203],[-3.578,3.674],[-2.832,2.645],[-7.666,7.16]],"o":[[2.944,-2.999],[0.804,-1.839],[1.051,-2.14],[4.117,-1.112],[0.721,1.835],[-0.237,1.556],[-1.15,1.239],[-1.841,0.636],[-2.352,0.326],[-18.445,19.932],[-1.256,1.267],[-1.801,-0.069],[-0.275,-1.781],[1.073,-1.448],[3.82,-3.422],[2.704,-2.776],[7.666,-7.161],[3.697,-3.453]],"v":[[32.844,-161.707],[39.993,-171.665],[42.276,-177.233],[47.259,-182.055],[56.063,-176.448],[56.892,-170.605],[54.551,-166.541],[50.234,-163.166],[44.429,-162.831],[38.906,-158.924],[-18.393,-100.635],[-22.908,-98.077],[-26.458,-101.58],[-24.943,-106.623],[-21.117,-110.428],[-10.366,-121.427],[-1.996,-129.495],[21.002,-150.977]],"c":true},"ix":2},"nm":"Path 1","mn":"ADBE Vector Shape - Group","hd":false},{"ty":"fl","c":{"a":0,"k":[0.984313726425,0.701960802078,0.509803950787,1],"ix":4},"o":{"a":0,"k":100,"ix":5},"r":1,"bm":0,"nm":"Fill 1","mn":"ADBE Vector Graphic - Fill","hd":false},{"ty":"tr","p":{"a":0,"k":[0,0],"ix":2},"a":{"a":0,"k":[0,0],"ix":1},"s":{"a":0,"k":[100,100],"ix":3},"r":{"a":0,"k":0,"ix":6},"o":{"a":0,"k":100,"ix":7},"sk":{"a":0,"k":0,"ix":4},"sa":{"a":0,"k":0,"ix":5},"nm":"Transform"}],"nm":"Group 1","np":2,"cix":2,"bm":0,"ix":1,"mn":"ADBE Vector Group","hd":false}],"ip":0,"op":603,"st":0,"bm":0},{"ddd":0,"ind":26,"ty":4,"nm":"Objects 22","parent":25,"sr":1,"ks":{"o":{"a":0,"k":100,"ix":11},"r":{"a":0,"k":0,"ix":10},"p":{"a":0,"k":[0,0,0],"ix":2},"a":{"a":0,"k":[0,0,0],"ix":1},"s":{"a":0,"k":[100,100,100],"ix":6}},"ao":0,"shapes":[{"ty":"gr","it":[{"ind":0,"ty":"sh","ix":1,"ks":{"a":0,"k":{"i":[[-1.049,2.108],[-0.921,0.954],[-1.326,-0.028],[-0.174,-0.09],[-0.139,-0.188],[-0.97,-1.869],[-0.022,-0.466],[0.432,-0.177],[0.33,0.127],[1.279,0.633],[0.148,-0.079],[0.028,-0.163],[0.234,-1.235],[0.992,-0.772],[0.906,0.871]],"o":[[0.59,-1.187],[0.921,-0.954],[0.196,0.004],[0.208,0.107],[1.252,1.693],[0.215,0.414],[0.022,0.466],[-0.327,0.134],[-1.331,-0.513],[-0.151,-0.074],[-0.146,0.079],[-0.214,1.239],[-0.234,1.235],[-0.992,0.772],[-2.233,-2.147]],"v":[[45.161,-177.324],[47.305,-180.655],[50.811,-182.283],[51.382,-182.167],[51.877,-181.679],[55.217,-176.325],[55.666,-175.012],[55.037,-173.859],[54.005,-173.93],[50.457,-176.299],[49.977,-176.359],[49.756,-175.934],[49.304,-172.192],[47.572,-168.936],[44.115,-168.905]],"c":true},"ix":2},"nm":"Path 1","mn":"ADBE Vector Shape - Group","hd":false},{"ty":"fl","c":{"a":0,"k":[0.984313726425,0.701960802078,0.509803950787,1],"ix":4},"o":{"a":0,"k":100,"ix":5},"r":1,"bm":0,"nm":"Fill 1","mn":"ADBE Vector Graphic - Fill","hd":false},{"ty":"tr","p":{"a":0,"k":[0,0],"ix":2},"a":{"a":0,"k":[0,0],"ix":1},"s":{"a":0,"k":[100,100],"ix":3},"r":{"a":0,"k":0,"ix":6},"o":{"a":0,"k":100,"ix":7},"sk":{"a":0,"k":0,"ix":4},"sa":{"a":0,"k":0,"ix":5},"nm":"Transform"}],"nm":"Group 1","np":2,"cix":2,"bm":0,"ix":1,"mn":"ADBE Vector Group","hd":false}],"ip":0,"op":603,"st":0,"bm":0},{"ddd":0,"ind":27,"ty":4,"nm":"Objects 21","parent":25,"sr":1,"ks":{"o":{"a":0,"k":49,"ix":11},"r":{"a":0,"k":0,"ix":10},"p":{"a":0,"k":[0,0,0],"ix":2},"a":{"a":0,"k":[0,0,0],"ix":1},"s":{"a":0,"k":[100,100,100],"ix":6}},"ao":0,"shapes":[{"ty":"gr","it":[{"ind":0,"ty":"sh","ix":1,"ks":{"a":0,"k":{"i":[[-0.688,-0.185],[-0.198,0.109],[-0.06,0.143],[0.366,0.938],[0.286,0.734],[0.44,0.58],[0.752,0.108],[0.8,-1.095],[0.44,-1.078],[0.173,-0.442],[0.067,-0.562],[-0.253,-0.751],[-0.865,-0.499],[-0.54,0.138],[-0.048,0.774],[0.157,0.605],[-0.195,0.592],[-0.117,0.101],[-0.211,-0.046],[-0.549,-0.273]],"o":[[0.221,0.059],[0.142,-0.078],[0.388,-0.93],[-0.286,-0.734],[-0.261,-0.668],[-0.44,-0.58],[-1.403,-0.202],[-0.691,0.946],[-0.176,0.43],[-0.207,0.529],[-0.094,0.786],[0.318,0.946],[0.482,0.279],[0.751,-0.193],[0.038,-0.624],[-0.143,-0.553],[0.048,-0.146],[0.163,-0.141],[0.606,0.133],[0.638,0.317]],"v":[[55.167,-172.385],[55.837,-172.385],[56.122,-172.749],[55.777,-175.657],[54.918,-177.859],[53.951,-179.784],[52.115,-180.953],[48.697,-178.963],[47.087,-175.937],[46.432,-174.74],[46.069,-173.079],[46.173,-170.725],[48.133,-168.547],[49.72,-168.184],[50.94,-169.983],[50.734,-171.94],[50.621,-173.479],[50.854,-173.873],[51.466,-173.996],[53.171,-173.139]],"c":true},"ix":2},"nm":"Path 1","mn":"ADBE Vector Shape - Group","hd":false},{"ty":"fl","c":{"a":0,"k":[0.815686285496,0.733333349228,0.713725507259,1],"ix":4},"o":{"a":0,"k":100,"ix":5},"r":1,"bm":0,"nm":"Fill 1","mn":"ADBE Vector Graphic - Fill","hd":false},{"ty":"tr","p":{"a":0,"k":[0,0],"ix":2},"a":{"a":0,"k":[0,0],"ix":1},"s":{"a":0,"k":[100,100],"ix":3},"r":{"a":0,"k":0,"ix":6},"o":{"a":0,"k":100,"ix":7},"sk":{"a":0,"k":0,"ix":4},"sa":{"a":0,"k":0,"ix":5},"nm":"Transform"}],"nm":"Group 1","np":2,"cix":2,"bm":1,"ix":1,"mn":"ADBE Vector Group","hd":false}],"ip":0,"op":603,"st":0,"bm":1},{"ddd":0,"ind":28,"ty":4,"nm":"Objects 20","parent":25,"sr":1,"ks":{"o":{"a":0,"k":100,"ix":11},"r":{"a":0,"k":0,"ix":10},"p":{"a":0,"k":[0,0,0],"ix":2},"a":{"a":0,"k":[0,0,0],"ix":1},"s":{"a":0,"k":[100,100,100],"ix":6}},"ao":0,"shapes":[{"ty":"gr","it":[{"ind":0,"ty":"sh","ix":1,"ks":{"a":0,"k":{"i":[[-1.178,-2.444],[-0.206,-0.482],[-0.341,-0.661],[-0.315,-1.023],[0.012,-0.827],[0.251,-0.685],[0.526,-0.545],[0.743,0.146],[0.119,1.036],[0.184,0.423],[0.458,0.65],[0.04,1.137],[0.138,0.212],[0.426,0.301],[0.174,0.358],[-0.178,1.056]],"o":[[0.227,0.472],[0.291,0.684],[0.491,0.951],[0.243,0.791],[-0.01,0.729],[-0.26,0.711],[-0.526,0.545],[-1.023,-0.202],[-0.053,-0.459],[-0.318,-0.729],[-0.655,-0.93],[-0.009,-0.253],[-0.285,-0.437],[-0.325,-0.23],[-0.469,-0.962],[0.641,-3.796]],"v":[[57.342,-179.536],[57.913,-178.071],[58.969,-176.108],[60.092,-173.105],[60.57,-170.679],[60.098,-168.553],[58.995,-166.587],[56.952,-165.833],[55.165,-168.147],[54.948,-169.508],[53.344,-171.25],[52.889,-174.573],[52.713,-175.302],[51.385,-176.089],[50.688,-177.042],[50.007,-180.127]],"c":true},"ix":2},"nm":"Path 1","mn":"ADBE Vector Shape - Group","hd":false},{"ty":"fl","c":{"a":0,"k":[0.984313726425,0.701960802078,0.509803950787,1],"ix":4},"o":{"a":0,"k":100,"ix":5},"r":1,"bm":0,"nm":"Fill 1","mn":"ADBE Vector Graphic - Fill","hd":false},{"ty":"tr","p":{"a":0,"k":[0,0],"ix":2},"a":{"a":0,"k":[0,0],"ix":1},"s":{"a":0,"k":[100,100],"ix":3},"r":{"a":0,"k":0,"ix":6},"o":{"a":0,"k":100,"ix":7},"sk":{"a":0,"k":0,"ix":4},"sa":{"a":0,"k":0,"ix":5},"nm":"Transform"}],"nm":"Group 1","np":2,"cix":2,"bm":0,"ix":1,"mn":"ADBE Vector Group","hd":false}],"ip":0,"op":603,"st":0,"bm":0},{"ddd":0,"ind":29,"ty":4,"nm":"Objects 19","parent":25,"sr":1,"ks":{"o":{"a":0,"k":49,"ix":11},"r":{"a":0,"k":0,"ix":10},"p":{"a":0,"k":[0,0,0],"ix":2},"a":{"a":0,"k":[0,0,0],"ix":1},"s":{"a":0,"k":[100,100,100],"ix":6}},"ao":0,"shapes":[{"ty":"gr","it":[{"ind":0,"ty":"sh","ix":1,"ks":{"a":0,"k":{"i":[[-1.178,-2.444],[-0.206,-0.482],[-0.341,-0.661],[-0.315,-1.023],[0.012,-0.827],[0.251,-0.685],[0.526,-0.545],[0.743,0.146],[0.119,1.036],[0.184,0.423],[0.458,0.65],[0.04,1.137],[0.138,0.212],[0.426,0.301],[0.174,0.358],[-0.178,1.056]],"o":[[0.227,0.472],[0.291,0.684],[0.491,0.951],[0.243,0.791],[-0.01,0.729],[-0.26,0.711],[-0.526,0.545],[-1.023,-0.202],[-0.053,-0.459],[-0.318,-0.729],[-0.655,-0.93],[-0.009,-0.253],[-0.285,-0.437],[-0.325,-0.23],[-0.469,-0.962],[0.641,-3.796]],"v":[[56.342,-179.536],[56.913,-178.071],[57.969,-176.108],[59.092,-173.105],[59.57,-170.679],[59.098,-168.553],[57.995,-166.587],[55.952,-165.833],[54.165,-168.147],[53.948,-169.508],[52.344,-171.25],[51.889,-174.573],[51.713,-175.302],[50.385,-176.089],[49.688,-177.042],[49.007,-180.127]],"c":true},"ix":2},"nm":"Path 1","mn":"ADBE Vector Shape - Group","hd":false},{"ty":"fl","c":{"a":0,"k":[0.815686285496,0.733333349228,0.713725507259,1],"ix":4},"o":{"a":0,"k":100,"ix":5},"r":1,"bm":0,"nm":"Fill 1","mn":"ADBE Vector Graphic - Fill","hd":false},{"ty":"tr","p":{"a":0,"k":[0,0],"ix":2},"a":{"a":0,"k":[0,0],"ix":1},"s":{"a":0,"k":[100,100],"ix":3},"r":{"a":0,"k":0,"ix":6},"o":{"a":0,"k":100,"ix":7},"sk":{"a":0,"k":0,"ix":4},"sa":{"a":0,"k":0,"ix":5},"nm":"Transform"}],"nm":"Group 1","np":2,"cix":2,"bm":1,"ix":1,"mn":"ADBE Vector Group","hd":false}],"ip":0,"op":603,"st":0,"bm":1},{"ddd":0,"ind":30,"ty":4,"nm":"floor","sr":1,"ks":{"o":{"a":0,"k":100,"ix":11},"r":{"a":0,"k":0,"ix":10},"p":{"a":0,"k":[250,250,0],"ix":2},"a":{"a":0,"k":[0,0,0],"ix":1},"s":{"a":0,"k":[100,100,100],"ix":6}},"ao":0,"shapes":[{"ty":"gr","it":[{"ind":0,"ty":"sh","ix":1,"ks":{"a":0,"k":{"i":[[0,-13.542],[31.604,0],[0,13.542],[-31.604,0]],"o":[[0,13.542],[-31.604,0],[0,-13.542],[31.604,0]],"v":[[51.97,163.569],[-5.253,188.089],[-62.476,163.569],[-5.253,139.049]],"c":true},"ix":2},"nm":"Path 1","mn":"ADBE Vector Shape - Group","hd":false},{"ty":"fl","c":{"a":0,"k":[0.227450981736,0.600000023842,0.466666668653,1],"ix":4},"o":{"a":0,"k":100,"ix":5},"r":1,"bm":0,"nm":"Fill 1","mn":"ADBE Vector Graphic - Fill","hd":false},{"ty":"tr","p":{"a":0,"k":[0,0],"ix":2},"a":{"a":0,"k":[0,0],"ix":1},"s":{"a":0,"k":[100,100],"ix":3},"r":{"a":0,"k":0,"ix":6},"o":{"a":0,"k":100,"ix":7},"sk":{"a":0,"k":0,"ix":4},"sa":{"a":0,"k":0,"ix":5},"nm":"Transform"}],"nm":"Group 1","np":2,"cix":2,"bm":0,"ix":1,"mn":"ADBE Vector Group","hd":false}],"ip":0,"op":603,"st":0,"bm":0}],"markers":[]}